Time,Stock_ID,Volume,Open,High,Low,Close,Foreign_Net_Volume,Domestic_Net_Volume,Net_Margin
2016-01-04,4133,144.02,34.0,34.0,33.0,33.0,11.0,3.0,-30.0
2016-01-05,4133,63.0,32.5,32.85,32.0,32.15,-4.0,0.0,-7.0
2016-01-06,4133,96.0,32.65,32.65,31.2,31.4,5.0,2.0,-2.0
2016-01-07,4133,340.0,31.75,31.75,29.0,29.4,-1.0,2.0,20.0
2016-01-08,4133,119.0,29.4,30.15,29.0,29.7,8.0,5.0,6.0
2016-01-11,4133,126.01,29.7,29.95,29.5,29.5,-9.0,0.0,-56.0
2016-01-12,4133,46.02,29.55,29.9,28.9,29.2,-5.0,1.0,-3.0
2016-01-13,4133,53.01,29.5,29.75,29.0,29.2,-4.0,0.0,4.0
2016-01-14,4133,136.03,28.8,28.95,28.2,28.3,14.0,0.0,-47.0
2016-01-15,4133,118.02,28.9,28.9,28.35,28.75,9.0,0.0,11.0
2016-01-18,4133,161.01,28.7,29.85,28.25,29.8,13.0,3.0,1.0
2016-01-19,4133,72.0,30.25,30.25,29.45,29.65,-10.0,0.0,6.0
2016-01-20,4133,82.01,29.85,29.85,28.9,28.9,-20.0,0.0,-4.0
2016-01-21,4133,47.0,28.9,28.9,28.3,28.8,-1.0,0.0,-2.0
2016-01-22,4133,179.0,29.3,29.9,28.85,29.45,94.0,2.0,-13.0
2016-01-25,4133,54.0,29.95,29.95,29.6,29.8,-1.0,1.0,2.0
2016-01-26,4133,22.01,30.0,30.0,29.15,29.5,-2.0,0.0,-3.0
2016-01-27,4133,38.0,29.85,29.85,29.1,29.3,-2.0,0.0,-7.0
2016-01-28,4133,75.01,28.9,29.25,28.8,29.2,-11.0,1.0,-14.0
2016-01-29,4133,121.0,28.6,29.6,28.6,29.2,0.0,3.0,-16.0
2016-01-30,4133,107.0,29.65,30.55,29.65,30.4,0.0,2.0,14.0
2016-02-01,4133,93.0,30.6,30.9,29.8,29.8,4.0,0.0,-12.0
2016-02-02,4133,73.02,29.95,30.45,29.8,29.8,1.0,1.0,-40.0
2016-02-03,4133,109.0,30.5,30.5,29.3,29.55,1.0,1.0,-3.0
2016-02-15,4133,53.03,29.55,29.65,29.25,29.55,8.0,1.0,5.0
2016-02-16,4133,31.02,30.2,30.25,29.85,29.95,5.0,1.0,2.0
2016-02-17,4133,74.01,30.2,30.8,29.65,30.6,-1.0,1.0,4.0
2016-02-18,4133,123.0,30.55,31.45,30.55,31.3,6.0,0.0,19.0
2016-02-19,4133,81.02,31.25,31.35,30.4,30.7,-1.0,0.0,-10.0
2016-02-22,4133,79.01,30.2,30.35,29.8,30.15,1.0,0.0,-22.0
2016-02-23,4133,79.01,30.4,30.65,30.2,30.5,4.0,0.0,9.0
2016-02-24,4133,43.46,30.8,30.9,30.25,30.4,-1.0,0.0,0.0
2016-02-25,4133,61.02,30.5,30.75,30.15,30.2,0.0,0.0,-9.0
2016-02-26,4133,29.02,30.65,30.65,30.3,30.5,0.0,1.0,-3.0
2016-03-01,4133,73.0,30.9,30.9,30.35,30.5,-2.0,0.0,33.0
2016-03-02,4133,87.1,30.9,30.9,30.4,30.75,-1.0,0.0,26.0
2016-03-03,4133,102.04,30.8,31.4,30.7,30.8,0.0,0.0,20.0
2016-03-04,4133,130.0,30.95,31.0,30.7,30.75,19.0,0.0,18.0
2016-03-07,4133,77.07,30.75,31.15,30.75,30.75,-5.0,0.0,-3.0
2016-03-08,4133,73.01,30.95,30.95,30.55,30.8,-10.0,0.0,16.0
2016-03-09,4133,561.3,31.45,33.85,31.3,33.85,27.0,0.0,159.0
2016-03-10,4133,1120.3,34.45,36.2,34.0,34.0,-125.0,0.0,6.0
2016-03-11,4133,282.02,34.4,34.4,33.15,33.25,-11.0,0.0,27.0
2016-03-14,4133,160.1,33.55,33.9,33.25,33.4,-5.0,0.0,-11.0
2016-03-15,4133,183.1,33.7,34.2,32.5,32.8,-3.0,0.0,33.0
2016-03-16,4133,90.1,32.5,33.45,32.5,33.15,-5.0,0.0,0.0
2016-03-17,4133,162.03,33.65,33.8,32.15,32.2,-10.0,0.0,-33.0
2016-03-18,4133,121.19,32.95,32.95,32.1,32.3,0.0,0.0,-9.0
2016-03-21,4133,70.28,32.95,33.05,32.55,32.95,1.0,0.0,12.0
2016-03-22,4133,57.04,33.0,33.25,32.65,32.65,-1.0,0.0,-8.0
2016-03-23,4133,68.01,33.05,33.05,32.05,32.05,0.0,0.0,-7.0
2016-03-24,4133,129.1,32.3,32.9,32.05,32.35,0.0,2.0,15.0
2016-03-25,4133,65.01,32.5,32.7,31.7,32.7,0.0,0.0,2.0
2016-03-28,4133,158.01,32.85,32.85,30.85,30.85,0.0,0.0,-24.0
2016-03-29,4133,163.1,30.95,31.35,29.6,29.85,0.0,1.0,-33.0
2016-03-30,4133,118.02,30.4,30.75,30.0,30.4,2.0,0.0,8.0
2016-03-31,4133,93.03,30.45,30.8,30.45,30.55,0.0,0.0,-1.0
2016-04-01,4133,78.02,30.9,30.95,30.45,30.9,2.0,0.0,11.0
2016-04-06,4133,55.03,30.9,31.3,30.2,30.85,0.0,1.0,-10.0
2016-04-07,4133,138.01,31.5,31.5,30.4,30.45,27.0,0.0,-9.0
2016-04-08,4133,116.1,30.65,30.65,30.25,30.6,-17.0,0.0,-12.0
2016-04-11,4133,46.05,30.95,30.95,30.25,30.7,4.0,0.0,-6.0
2016-04-12,4133,84.34,30.5,31.0,30.3,30.3,-1.0,0.0,-11.0
2016-04-13,4133,38.02,30.25,30.7,30.2,30.4,0.0,0.0,4.0
2016-04-14,4133,33.02,30.75,30.75,30.3,30.3,0.0,0.0,-3.0
2016-04-15,4133,54.04,30.55,30.55,30.3,30.3,0.0,0.0,-8.0
2016-04-18,4133,52.07,30.15,30.45,30.0,30.05,-2.0,0.0,-5.0
2016-04-19,4133,154.06,30.35,30.35,29.5,29.6,0.0,0.0,-7.0
2016-04-20,4133,94.13,29.6,29.95,29.3,29.5,0.0,0.0,-5.0
2016-04-21,4133,68.0,29.5,30.25,29.5,29.85,32.0,0.0,2.0
2016-04-22,4133,115.01,30.25,30.3,28.55,29.2,-22.0,0.0,-6.0
2016-04-25,4133,52.03,29.2,29.6,28.65,29.3,-4.0,0.0,-2.0
2016-04-26,4133,76.01,29.7,30.0,29.7,29.8,-5.0,0.0,-3.0
2016-04-27,4133,45.0,30.0,30.1,29.8,29.8,-8.0,0.0,13.0
2016-04-28,4133,70.02,30.05,30.05,29.1,29.2,-2.0,0.0,-5.0
2016-04-29,4133,74.0,29.0,29.55,28.6,29.1,-3.0,0.0,-12.0
2016-05-03,4133,29.0,29.15,29.5,29.0,29.15,0.0,0.0,1.0
2016-05-04,4133,19.0,29.35,29.35,28.9,29.2,0.0,0.0,-3.0
2016-05-05,4133,53.0,29.4,29.4,28.3,28.7,0.0,0.0,6.0
2016-05-06,4133,43.0,28.95,28.95,28.0,28.55,0.0,0.0,-4.0
2016-05-09,4133,18.0,29.05,29.05,28.3,28.5,0.0,0.0,-3.0
2016-05-10,4133,74.0,28.55,28.55,27.6,27.8,-8.0,0.0,-30.0
2016-05-11,4133,34.01,28.15,28.15,27.65,27.65,0.0,0.0,-7.0
2016-05-12,4133,357.67,27.65,30.4,27.5,30.4,29.0,0.0,18.0
2016-05-13,4133,999.5,32.0,32.9,31.4,32.2,-24.0,0.0,3.0
2016-05-16,4133,344.0,32.6,32.6,31.45,32.0,-5.0,0.0,11.0
2016-05-17,4133,258.0,32.3,33.0,31.7,32.1,-13.0,0.0,18.0
2016-05-18,4133,225.0,32.4,32.4,31.8,31.8,4.0,0.0,14.0
2016-05-19,4133,673.0,32.2,34.1,31.8,31.8,-3.0,0.0,19.0
2016-05-20,4133,495.1,32.6,33.45,31.8,33.25,2.0,0.0,32.0
2016-05-23,4133,799.6,33.5,35.8,33.5,35.45,151.5,0.0,5.0
2016-05-24,4133,505.1,35.6,36.1,34.15,34.7,-49.0,0.0,-36.0
2016-05-25,4133,347.21,35.3,35.7,34.6,34.6,-1.0,0.0,7.0
2016-05-26,4133,272.0,34.5,34.5,33.45,33.5,0.0,0.0,13.0
2016-05-27,4133,240.08,33.55,34.2,33.2,33.45,2.0,0.0,24.0
2016-05-30,4133,1703.03,34.1,36.75,34.1,36.75,228.0,0.0,57.0
2016-05-31,4133,1885.76,37.6,38.4,37.1,37.9,-119.0,0.0,59.0
2016-06-01,4133,806.23,37.9,38.3,36.8,36.95,-61.0,0.0,-11.0
2016-06-02,4133,617.4,37.2,37.85,36.3,36.4,-7.0,0.0,26.0
2016-06-03,4133,2690.29,37.1,40.0,37.1,38.45,172.0,0.0,360.0
2016-06-04,4133,1283.56,39.2,40.3,38.65,39.35,-5.0,0.0,118.0
2016-06-06,4133,784.64,38.9,38.9,37.35,37.55,-159.0,0.0,-80.0
2016-06-07,4133,391.05,38.2,38.45,37.8,37.8,-21.0,0.0,23.0
2016-06-08,4133,529.0,38.1,38.4,36.1,36.9,12.0,0.0,-63.0
2016-06-13,4133,356.11,37.2,37.4,36.1,36.6,1.0,0.0,-32.0
2016-06-14,4133,282.0,36.9,37.1,36.3,36.35,-2.0,0.0,-36.0
2016-06-15,4133,1868.19,36.65,39.95,36.55,38.25,31.0,0.0,184.0
2016-06-16,4133,476.5,38.3,38.3,37.4,37.5,-22.0,0.0,-89.0
2016-06-17,4133,408.02,37.85,38.6,37.0,37.0,-7.0,0.0,-23.0
2016-06-20,4133,148.01,37.8,37.8,37.25,37.3,12.0,0.0,-17.0
2016-06-21,4133,213.0,37.45,38.0,37.3,37.3,-2.0,0.0,23.0
2016-06-22,4133,233.0,38.0,38.2,37.05,37.15,-4.0,0.0,-10.0
2016-06-23,4133,670.69,37.15,37.15,35.8,36.35,3.0,0.0,43.0
2016-06-24,4133,530.0,36.65,36.65,33.4,34.4,12.0,0.0,-103.0
2016-06-27,4133,222.72,34.4,35.5,34.4,35.3,28.0,0.0,-60.0
2016-06-28,4133,102.06,34.6,35.6,34.6,35.6,14.0,0.0,10.0
2016-06-29,4133,175.0,35.85,36.4,35.2,35.2,-10.0,0.0,-37.0
2016-06-30,4133,217.03,35.95,36.15,35.3,35.3,4.0,0.0,-5.0
2016-07-01,4133,178.0,35.8,36.25,35.4,35.4,-1.0,0.0,5.0
2016-07-04,4133,110.0,35.25,35.6,35.2,35.3,0.0,0.0,-18.0
2016-07-05,4133,333.0,35.5,36.55,35.5,35.9,-4.0,0.0,28.0
2016-07-06,4133,153.0,36.3,36.3,35.35,35.45,-5.0,0.0,5.0
2016-07-07,4133,167.0,35.75,36.0,35.1,35.2,-14.0,0.0,-11.0
2016-07-11,4133,299.0,35.45,35.45,33.55,33.8,-5.0,0.0,7.0
2016-07-12,4133,187.0,34.0,34.4,33.55,33.6,-40.0,0.0,23.0
2016-07-13,4133,93.0,33.85,33.9,33.6,33.8,-10.0,0.0,-4.0
2016-07-14,4133,99.15,34.0,34.4,34.0,34.1,-5.0,0.0,-18.0
2016-07-15,4133,120.0,34.3,34.65,34.2,34.3,-1.0,0.0,5.0
2016-07-18,4133,157.0,35.0,35.0,34.4,34.8,2.0,0.0,-40.0
2016-07-19,4133,231.03,35.0,35.5,34.8,35.0,-15.0,0.0,1.0
2016-07-20,4133,200.0,35.3,35.7,34.7,34.75,-2.0,0.0,-6.0
2016-07-21,4133,108.0,35.1,35.4,35.0,35.0,2.0,0.0,16.0
2016-07-22,4133,98.12,35.7,35.7,34.8,34.85,-6.0,0.0,-8.0
2016-07-25,4133,128.05,34.9,34.9,33.8,34.15,0.0,0.0,-26.0
2016-07-26,4133,48.0,34.05,34.25,33.7,34.0,0.0,0.0,-4.0
2016-07-27,4133,110.0,34.2,34.4,33.4,33.6,-3.0,0.0,-13.0
2016-07-28,4133,85.16,33.8,34.3,33.8,33.85,-3.0,0.0,-6.0
2016-07-29,4133,93.0,33.85,34.0,33.6,33.75,-10.0,0.0,11.0
2016-08-01,4133,59.04,34.4,34.4,33.8,34.3,-9.0,0.0,-3.0
2016-08-02,4133,130.04,34.3,34.75,34.3,34.65,-1.0,0.0,30.0
2016-08-03,4133,90.5,34.65,34.75,34.45,34.5,0.0,0.0,1.0
2016-08-04,4133,67.5,34.65,34.8,34.1,34.15,-3.0,1.0,-9.0
2016-08-05,4133,118.02,34.15,34.75,33.8,34.0,5.0,0.0,12.0
2016-08-08,4133,46.01,34.25,34.25,33.7,33.8,0.0,0.0,-5.0
2016-08-09,4133,142.3,33.8,33.8,33.1,33.2,5.0,0.0,-41.0
2016-08-10,4133,100.0,33.3,34.2,33.25,34.1,2.0,0.0,9.0
2016-08-11,4133,76.01,34.1,34.1,33.4,33.5,-2.0,1.0,-5.0
2016-08-12,4133,101.02,33.75,33.85,33.2,33.55,-3.0,0.0,-8.0
2016-08-15,4133,140.01,33.6,34.3,33.6,34.2,10.0,0.0,-18.0
2016-08-16,4133,318.07,34.45,35.45,34.4,35.15,1.0,0.0,-1.0
2016-08-17,4133,157.44,35.45,35.45,34.8,34.95,7.44,0.0,1.0
2016-08-18,4133,134.0,35.05,35.05,34.75,34.8,1.0,0.0,13.0
2016-08-19,4133,149.44,34.95,35.2,34.8,34.85,-5.44,0.0,-19.0
2016-08-22,4133,171.03,35.0,35.05,34.35,34.65,-10.0,0.0,-18.0
2016-08-23,4133,134.01,34.65,34.65,34.3,34.5,0.0,0.0,12.0
2016-08-24,4133,109.28,34.45,34.55,34.4,34.55,0.0,0.0,42.0
2016-08-25,4133,173.0,34.5,34.55,34.4,34.45,11.0,0.0,-63.0
2016-08-26,4133,164.0,33.6,34.05,33.35,33.85,11.0,0.0,-17.0
2016-08-29,4133,69.24,33.95,34.1,33.8,34.0,9.14,0.0,-15.0
2016-08-30,4133,95.0,34.4,34.4,33.8,34.25,2.0,0.0,-10.0
2016-08-31,4133,84.0,34.25,34.4,33.9,34.2,0.0,0.0,-14.0
2016-09-01,4133,256.67,34.35,35.2,34.35,34.8,6.0,0.0,43.0
2016-09-02,4133,899.67,36.5,37.5,35.55,36.0,-24.0,0.0,143.0
2016-09-05,4133,348.01,36.8,36.9,35.0,35.8,-9.0,0.0,-21.0
2016-09-06,4133,446.88,35.8,36.5,35.6,36.4,-2.0,0.0,-110.0
2016-09-07,4133,262.02,36.3,36.55,35.8,36.1,0.0,0.0,36.0
2016-09-08,4133,224.2,35.5,35.9,35.05,35.5,2.0,0.0,-28.0
2016-09-09,4133,121.06,35.6,35.65,35.2,35.3,-17.0,0.0,-7.0
2016-09-10,4133,127.0,34.8,35.45,34.8,35.2,0.0,1.0,5.0
2016-09-12,4133,150.11,35.2,35.4,35.0,35.35,0.0,1.0,5.0
2016-09-13,4133,202.05,35.4,35.9,35.3,35.5,-9.0,6.0,-28.0
2016-09-14,4133,93.0,35.5,35.6,34.8,35.3,-6.0,0.0,-20.0
2016-09-19,4133,170.05,35.2,36.2,35.2,36.2,6.0,0.0,-38.0
2016-09-20,4133,158.0,36.2,36.4,35.65,35.85,1.0,0.0,-15.0
2016-09-21,4133,110.1,35.7,36.05,35.6,36.05,4.0,0.0,-7.0
2016-09-22,4133,94.06,36.05,36.15,35.65,35.65,-3.0,1.0,-35.0
2016-09-23,4133,115.0,35.8,35.95,35.6,35.7,3.0,0.0,-28.0
2016-09-26,4133,62.0,35.65,35.85,35.65,35.85,1.0,0.0,-6.0
2016-09-29,4133,385.3,35.95,36.9,35.85,36.9,9.0,0.0,52.0
2016-09-30,4133,173.02,37.0,37.1,36.55,37.0,-3.0,0.0,10.0
2016-10-03,4133,799.3,37.3,39.0,37.15,37.6,-1.0,0.0,69.0
2016-10-04,4133,210.0,38.0,38.25,37.4,37.45,-3.0,1.0,-30.0
2016-10-05,4133,135.3,37.9,37.9,37.0,37.0,-5.0,0.0,-8.0
2016-10-06,4133,179.0,37.0,37.3,36.9,37.15,-3.0,0.0,-22.0
2016-10-07,4133,158.01,37.35,37.4,37.0,37.4,0.0,0.0,-71.0
2016-10-11,4133,245.2,37.0,37.45,35.4,36.1,1.0,0.0,-27.0
2016-10-12,4133,61.0,36.65,36.65,36.05,36.15,1.0,0.0,-10.0
2016-10-13,4133,95.1,36.5,36.5,36.05,36.1,-1.0,0.0,9.0
2016-10-14,4133,341.0,36.1,36.15,35.55,35.65,3.0,0.0,-65.0
2016-10-17,4133,106.01,35.8,36.2,35.65,36.0,0.0,0.0,-7.0
2016-10-18,4133,107.1,36.0,36.4,36.0,36.4,2.0,0.0,-4.0
2016-10-19,4133,123.0,36.65,36.7,36.25,36.7,-2.0,0.0,-16.0
2016-10-20,4133,156.74,36.75,37.1,36.5,36.75,-4.0,0.0,-11.0
2016-10-21,4133,72.07,36.75,37.05,36.5,36.75,0.89,0.0,-20.0
2016-10-24,4133,99.56,36.95,36.95,35.9,36.0,8.0,0.0,-45.0
2016-10-25,4133,28.52,35.9,36.5,35.9,36.5,1.0,0.0,0.0
2016-10-26,4133,48.12,36.4,36.4,36.05,36.35,-2.0,0.0,-4.0
2016-10-27,4133,59.13,36.5,36.5,36.3,36.5,-1.0,0.0,-4.0
2016-10-28,4133,40.65,36.5,36.75,36.2,36.55,-3.0,0.0,-9.0
2016-10-31,4133,41.62,36.8,36.8,36.1,36.4,-2.0,0.0,-6.0
2016-11-01,4133,26.71,36.4,36.75,36.25,36.25,-1.0,0.0,1.0
2016-11-02,4133,128.26,36.25,36.25,34.9,34.9,-14.0,0.0,5.0
2016-11-03,4133,69.13,34.95,35.2,34.7,34.7,-2.0,0.0,-14.0
2016-11-04,4133,105.46,34.9,35.9,34.6,35.75,-5.0,1.0,-11.0
2016-11-07,4133,32.28,35.75,35.95,35.4,35.6,-1.0,0.0,5.0
2016-11-08,4133,49.59,35.7,35.95,35.4,35.75,-11.0,0.0,3.0
2016-11-09,4133,128.1,35.75,36.1,34.05,34.65,0.0,3.0,-10.0
2016-11-10,4133,101.57,35.85,36.2,35.3,36.2,-1.0,0.0,7.0
2016-11-11,4133,110.11,36.65,36.65,35.05,35.65,0.0,0.0,-22.0
2016-11-14,4133,55.3,36.15,36.15,35.15,35.9,-1.0,0.0,-12.0
2016-11-15,4133,63.2,36.05,36.5,35.1,36.5,-4.0,0.0,4.0
2016-11-16,4133,68.17,36.4,36.4,35.9,36.1,0.0,0.0,1.0
2016-11-17,4133,56.5,35.6,35.95,35.5,35.5,0.0,0.0,5.0
2016-11-18,4133,79.17,35.8,36.25,35.4,35.85,0.0,0.0,0.0
2016-11-21,4133,50.28,35.85,35.85,35.5,35.55,2.0,0.0,11.0
2016-11-22,4133,52.35,35.55,35.8,35.3,35.6,-1.0,0.0,3.0
2016-11-23,4133,102.17,35.85,35.85,35.5,35.8,-16.0,0.0,1.0
2016-11-24,4133,48.15,36.0,36.15,35.55,35.65,2.0,0.0,7.0
2016-11-25,4133,106.33,36.0,36.0,35.25,35.7,-1.0,0.0,0.0
2016-11-28,4133,99.33,35.7,36.5,35.7,35.95,3.0,0.0,-5.0
2016-11-29,4133,666.77,37.5,37.5,36.2,36.6,20.0,0.0,108.0
2016-11-30,4133,205.42,37.0,37.0,36.35,36.55,2.0,0.0,-17.0
2016-12-01,4133,903.48,37.8,38.7,36.45,37.5,0.0,0.0,170.0
2016-12-02,4133,1263.04,37.7,38.3,36.15,37.0,-8.0,0.0,187.0
2016-12-05,4133,183.52,36.6,36.65,36.25,36.35,-18.0,0.0,-50.0
2016-12-06,4133,201.21,36.85,36.85,36.0,36.2,-6.0,0.0,46.0
2016-12-07,4133,466.84,36.9,37.85,36.5,37.85,-5.0,0.0,-112.0
2016-12-08,4133,753.28,37.85,38.2,37.05,37.1,-4.0,0.0,-77.0
2016-12-09,4133,369.06,37.35,37.6,36.5,36.6,0.0,0.0,17.0
2016-12-12,4133,112.69,36.25,37.2,36.25,37.2,-3.0,0.0,8.0
2016-12-13,4133,287.08,37.4,37.4,36.8,36.8,6.0,0.0,-33.0
2016-12-14,4133,212.15,37.1,37.1,36.35,36.4,0.0,0.0,9.0
2016-12-15,4133,175.2,36.25,36.8,36.05,36.8,2.0,0.0,-9.0
2016-12-16,4133,86.07,37.2,37.2,36.7,36.7,-2.0,0.0,-16.0
2016-12-19,4133,48.09,36.95,36.95,36.15,36.2,0.0,0.0,-10.0
2016-12-20,4133,167.02,36.25,36.7,36.1,36.15,0.0,0.0,97.0
2016-12-21,4133,234.1,36.3,36.8,36.2,36.8,0.0,0.0,72.0
2016-12-22,4133,251.98,36.8,37.2,36.6,36.85,0.0,0.0,-85.0
2016-12-23,4133,207.72,37.0,37.2,36.65,37.0,-1.0,0.0,70.0
2016-12-26,4133,109.01,37.15,37.15,36.65,36.9,0.0,0.0,0.0
2016-12-27,4133,72.09,36.8,37.05,36.6,36.95,0.0,0.0,-33.0
2016-12-28,4133,91.26,37.1,37.1,36.6,36.7,1.0,0.0,4.0
2016-12-29,4133,118.09,36.9,36.9,36.55,36.7,0.0,0.0,-11.0
2016-12-30,4133,236.3,36.95,36.95,36.65,36.75,3.0,0.0,119.0
2017-01-03,4133,56.1,36.95,36.95,36.5,36.5,1.0,0.0,-8.0
2017-01-04,4133,35.07,36.95,36.95,36.5,36.7,1.0,0.0,-10.0
2017-01-05,4133,40.15,36.5,36.85,36.4,36.6,3.0,0.0,-24.0
2017-01-06,4133,102.11,36.95,36.95,36.5,36.65,-6.0,0.0,-8.0
2017-01-09,4133,105.02,36.85,36.85,36.0,36.1,0.0,0.0,-31.0
2017-01-10,4133,94.02,36.05,36.05,35.55,35.55,-1.0,0.0,-39.0
2017-01-11,4133,72.36,35.7,35.85,35.55,35.8,-1.0,0.0,-11.0
2017-01-12,4133,40.02,35.8,35.8,35.45,35.45,4.0,0.0,1.0
2017-01-13,4133,9.46,35.6,35.6,35.55,35.6,-1.0,0.0,6.0
2017-01-16,4133,26.29,35.4,35.4,35.2,35.3,0.0,0.0,-5.0
2017-01-17,4133,29.09,35.65,35.65,35.3,35.3,0.0,0.0,-2.0
2017-01-18,4133,30.05,35.5,35.5,35.15,35.3,12.0,1.0,-2.0
2017-01-19,4133,21.04,35.65,35.65,35.25,35.4,-3.02,0.0,-5.0
2017-01-20,4133,104.26,35.8,36.5,35.35,36.05,-2.0,0.0,-3.0
2017-01-23,4133,16.05,35.6,36.05,35.5,35.85,-1.0,0.0,4.0
2017-01-24,4133,375.38,35.6,36.45,35.6,36.4,4.0,0.0,-185.0
2017-02-02,4133,110.11,36.65,36.65,35.95,36.35,-3.0,0.0,-37.0
2017-02-03,4133,14.02,36.1,36.2,36.05,36.1,3.0,0.0,2.0
2017-02-06,4133,48.07,36.45,36.65,36.2,36.25,3.0,0.0,-9.0
2017-02-07,4133,24.12,36.5,36.5,36.1,36.15,2.0,0.0,0.0
2017-02-08,4133,58.23,36.65,36.65,36.2,36.5,4.0,1.0,6.0
2017-02-09,4133,93.39,36.7,36.7,36.3,36.3,3.0,0.0,1.0
2017-02-10,4133,257.24,36.45,37.3,36.35,37.15,3.0,0.0,-22.0
2017-02-13,4133,335.7,37.5,37.9,37.05,37.25,5.0,0.0,38.0
2017-02-14,4133,198.61,37.3,37.55,36.95,36.95,2.0,0.0,-40.0
2017-02-15,4133,105.06,37.5,37.5,36.95,37.0,8.0,0.0,-25.0
2017-02-16,4133,325.44,37.0,38.5,36.6,38.35,4.0,0.0,-22.0
2017-02-17,4133,790.73,38.45,38.75,37.4,38.4,4.0,0.0,76.0
2017-02-18,4133,458.28,38.7,38.85,37.9,38.8,0.0,0.0,13.0
2017-02-20,4133,701.31,38.8,38.8,37.4,37.55,12.0,0.0,160.0
2017-02-21,4133,288.77,37.95,38.25,37.3,38.2,7.0,0.0,-101.0
2017-02-22,4133,134.05,38.2,38.2,37.5,37.85,7.0,0.0,-3.0
2017-02-23,4133,114.02,37.9,38.1,37.35,37.55,9.0,0.0,0.0
2017-02-24,4133,100.14,37.55,37.75,37.4,37.5,3.0,0.0,2.0
2017-03-01,4133,165.38,37.5,37.85,36.65,37.2,8.0,0.0,-22.0
2017-03-02,4133,187.41,37.35,37.35,36.85,36.85,5.0,0.0,-15.0
2017-03-03,4133,28.52,36.9,37.2,36.8,36.8,4.0,0.0,5.0
2017-03-06,4133,62.11,36.9,37.3,36.65,36.9,4.0,0.0,-4.0
2017-03-07,4133,185.08,36.9,37.7,36.7,37.7,31.0,0.0,8.0
2017-03-08,4133,100.42,37.4,37.4,37.0,37.05,-6.0,0.0,14.0
2017-03-09,4133,80.07,37.05,37.1,36.85,36.85,-10.0,0.0,2.0
2017-03-10,4133,100.36,36.8,36.8,36.25,36.35,-21.0,0.0,-3.0
2017-03-13,4133,91.37,36.3,36.55,36.1,36.45,-0.01,0.0,9.0
2017-03-14,4133,55.1,36.3,36.55,36.2,36.2,4.0,0.0,-25.0
2017-03-15,4133,26.19,36.1,36.25,36.1,36.15,0.0,0.0,1.0
2017-03-16,4133,46.06,36.2,36.3,36.1,36.15,5.0,0.0,3.0
2017-03-17,4133,66.32,36.15,36.2,35.8,36.2,2.0,0.0,-3.0
2017-03-20,4133,32.08,36.05,36.05,35.8,35.9,-1.0,0.0,-1.0
2017-03-21,4133,131.05,35.85,35.9,35.2,35.3,-59.0,0.0,-10.0
2017-03-22,4133,49.2,35.35,35.45,35.0,35.3,0.0,0.0,5.0
2017-03-23,4133,38.03,35.5,35.5,35.3,35.4,-2.0,0.0,3.0
2017-03-24,4133,27.02,35.3,35.4,35.2,35.3,1.0,0.0,7.0
2017-03-27,4133,36.39,35.4,35.6,35.0,35.0,0.0,0.0,2.0
2017-03-28,4133,164.12,34.85,34.85,33.95,34.0,0.0,0.0,-29.0
2017-03-29,4133,63.28,34.1,34.3,33.95,34.0,0.0,0.0,4.0
2017-03-30,4133,66.07,34.0,35.1,34.0,35.05,0.0,0.0,9.0
2017-03-31,4133,171.13,35.5,36.7,35.5,35.65,-1.0,0.0,-9.0
2017-04-05,4133,41.24,35.9,35.9,35.55,35.55,10.0,0.0,-7.0
2017-04-06,4133,84.06,35.55,35.55,34.95,35.25,-4.0,0.0,0.0
2017-04-07,4133,52.07,35.45,35.8,35.05,35.4,-2.0,0.0,4.0
2017-04-10,4133,68.1,35.7,35.8,35.4,35.4,-20.0,0.0,-22.0
2017-04-11,4133,75.23,35.5,35.65,35.1,35.4,29.0,0.0,-8.0
2017-04-12,4133,49.1,35.15,35.3,34.85,34.9,0.0,0.0,-6.0
2017-04-13,4133,44.28,35.8,35.8,34.9,35.0,0.0,0.0,-2.0
2017-04-14,4133,64.06,35.0,35.15,34.55,34.55,0.0,0.0,22.0
2017-04-17,4133,33.15,34.5,34.75,34.2,34.2,8.0,0.0,-6.0
2017-04-18,4133,87.35,34.2,34.55,34.1,34.35,0.0,0.0,34.0
2017-04-19,4133,26.11,34.6,34.75,34.35,34.35,0.0,0.0,10.0
2017-04-20,4133,95.51,34.5,35.4,34.4,34.8,0.0,0.0,28.0
2017-04-21,4133,10.07,35.0,35.0,34.4,34.75,0.0,0.0,4.0
2017-04-24,4133,33.03,35.0,35.15,34.6,34.9,-1.0,0.0,1.0
2017-04-25,4133,38.1,34.9,35.25,34.45,34.85,-4.0,0.0,6.0
2017-04-26,4133,12.01,34.85,34.85,34.55,34.55,-1.0,0.0,-5.0
2017-04-27,4133,12.92,34.75,34.75,34.3,34.6,-1.0,0.0,0.0
2017-04-28,4133,14.01,34.6,34.7,34.4,34.45,-1.0,0.0,0.0
2017-05-02,4133,17.11,34.45,34.65,34.3,34.4,-1.0,0.0,-5.0
2017-05-03,4133,36.2,34.35,34.95,34.35,34.5,-1.0,0.0,0.0
2017-05-04,4133,19.01,34.95,34.95,34.3,34.8,0.0,0.0,2.0
2017-05-05,4133,11.01,34.8,34.95,34.4,34.85,-1.0,0.0,0.0
2017-05-08,4133,29.04,34.5,34.6,34.4,34.6,-2.0,0.0,-17.0
2017-05-09,4133,39.05,34.9,34.9,34.15,34.5,-1.0,0.0,-2.0
2017-05-10,4133,56.33,34.65,34.8,34.45,34.8,-2.0,0.0,-14.0
2017-05-11,4133,42.04,34.9,35.3,34.5,35.0,-3.0,0.0,3.0
2017-05-12,4133,54.16,34.8,35.15,34.1,34.65,-3.0,0.0,0.0
2017-05-15,4133,69.0,34.85,35.6,34.85,35.35,7.0,0.0,7.0
2017-05-16,4133,74.15,35.45,35.45,35.1,35.25,-1.0,0.0,-32.0
2017-05-17,4133,29.0,35.35,35.85,34.7,35.1,-2.0,0.0,5.0
2017-05-18,4133,2.14,34.65,34.65,34.65,34.65,0.0,0.0,-1.0
2017-05-19,4133,24.02,35.1,35.1,34.7,34.8,-2.0,0.0,-1.0
2017-05-22,4133,33.08,34.8,35.1,34.6,35.0,-3.0,0.0,5.0
2017-05-23,4133,44.23,35.0,35.05,34.9,35.0,-1.0,0.0,8.0
2017-05-24,4133,34.04,35.05,35.1,34.85,34.95,7.0,0.0,-3.0
2017-05-25,4133,30.0,35.05,35.05,34.8,34.8,7.0,0.0,-4.0
2017-05-26,4133,16.37,34.9,34.9,34.6,34.8,3.0,0.0,-1.0
2017-05-31,4133,68.03,34.8,35.4,34.6,34.9,1.0,0.0,-5.0
2017-06-01,4133,62.28,35.15,35.35,34.9,35.05,6.0,1.0,23.0
2017-06-02,4133,60.6,35.25,35.5,35.2,35.2,-3.0,0.0,10.0
2017-06-03,4133,46.02,35.25,35.3,35.05,35.25,0.0,0.0,-5.0
2017-06-05,4133,33.28,35.3,35.3,35.0,35.25,-3.0,0.0,8.0
2017-06-06,4133,47.14,35.3,35.3,35.1,35.3,12.0,0.0,-4.0
2017-06-07,4133,45.0,35.35,35.4,35.0,35.0,-6.0,0.0,-3.0
2017-06-08,4133,16.21,35.4,35.4,34.75,34.75,-1.0,0.0,0.0
2017-06-09,4133,59.0,35.0,35.2,34.65,34.65,-9.0,0.0,-10.0
2017-06-12,4133,21.09,35.15,35.15,34.75,34.8,1.0,0.0,-4.0
2017-06-13,4133,8.1,34.95,34.95,34.7,34.8,0.0,0.0,-1.0
2017-06-14,4133,40.3,34.95,34.95,34.3,34.3,-4.0,0.0,-7.0
2017-06-15,4133,158.2,34.8,34.8,33.5,33.8,0.0,0.0,6.0
2017-06-16,4133,69.4,33.8,33.8,33.45,33.45,3.0,0.0,0.0
2017-06-19,4133,66.04,33.45,33.6,33.4,33.55,0.0,0.0,3.0
2017-06-20,4133,49.0,33.5,33.55,33.15,33.2,-1.0,0.0,4.0
2017-06-21,4133,101.2,33.0,33.15,32.8,32.9,5.0,0.0,8.0
2017-06-22,4133,581.04,32.8,34.8,32.8,34.5,36.0,0.0,7.0
2017-06-23,4133,189.23,34.5,34.75,34.15,34.75,-6.0,0.0,-6.0
2017-06-26,4133,582.37,34.55,35.9,34.15,35.9,1.0,0.0,50.0
2017-06-27,4133,314.75,35.6,36.25,35.2,36.25,-4.0,0.0,7.0
2017-06-28,4133,200.25,36.1,36.3,35.8,36.1,-20.0,1.0,2.0
2017-06-29,4133,32.05,36.0,36.0,35.5,35.5,1.0,0.0,-2.0
2017-06-30,4133,288.33,35.2,35.95,34.8,35.95,-4.0,0.0,18.0
2017-07-03,4133,185.64,35.5,36.45,35.45,36.35,-1.0,0.0,-5.0
2017-07-04,4133,176.13,36.35,36.7,35.75,35.95,0.0,0.0,-11.0
2017-07-05,4133,121.55,36.1,36.1,35.1,35.4,0.0,0.0,-4.0
2017-07-06,4133,7.0,35.2,35.35,35.1,35.35,0.0,0.0,-1.0
2017-07-07,4133,155.01,35.8,35.8,35.1,35.1,0.0,0.0,-53.0
2017-07-10,4133,237.3,35.3,35.55,34.9,35.2,0.0,0.0,-10.0
2017-07-11,4133,370.25,35.1,35.45,34.15,34.8,0.0,0.0,17.0
2017-07-12,4133,36.12,34.7,34.75,34.3,34.7,0.0,1.0,4.0
2017-07-13,4133,20.17,34.4,34.7,34.4,34.6,0.0,0.0,9.0
2017-07-14,4133,113.18,34.1,34.75,34.1,34.1,2.0,1.0,-74.0
2017-07-17,4133,40.34,34.05,34.55,34.05,34.1,-4.34,1.0,-1.0
2017-07-18,4133,72.2,34.6,34.6,33.8,34.35,0.0,0.0,16.0
2017-07-19,4133,79.08,34.2,34.45,33.8,34.2,0.0,0.0,-2.0
2017-07-20,4133,21.0,34.35,34.45,34.2,34.25,0.0,0.0,4.0
2017-07-21,4133,312.67,33.8,35.3,33.8,35.2,-2.0,0.0,9.0
2017-07-24,4133,58.29,34.8,35.0,34.65,35.0,1.0,0.0,-18.0
2017-07-25,4133,54.1,34.8,35.3,34.8,35.3,0.0,0.0,5.0
2017-07-26,4133,163.76,35.35,36.0,34.85,36.0,0.0,1.0,-5.0
2017-07-27,4133,67.01,36.0,36.0,35.75,35.75,0.0,0.0,-6.0
2017-07-28,4133,481.33,35.95,36.9,35.9,36.0,3.0,0.0,41.0
2017-07-31,4133,100.18,36.15,36.15,35.45,35.65,-1.0,0.0,7.0
2017-08-01,4133,60.05,35.7,35.75,35.45,35.45,0.0,0.0,8.0
2017-08-02,4133,247.44,35.5,36.05,35.05,36.05,-2.0,0.0,4.0
2017-08-03,4133,46.55,35.75,36.0,35.65,36.0,-1.0,1.0,3.0
2017-08-04,4133,253.5,36.1,37.7,35.8,37.7,0.0,0.0,-14.0
2017-08-07,4133,394.26,38.2,38.7,37.6,38.1,0.0,0.0,14.0
2017-08-08,4133,236.93,38.1,38.1,37.3,37.35,0.0,1.0,-13.0
2017-08-09,4133,191.23,37.5,38.0,37.0,38.0,0.0,0.0,-18.0
2017-08-10,4133,327.55,37.6,38.0,37.05,38.0,0.0,0.0,-8.0
2017-08-11,4133,215.03,38.0,38.0,37.1,37.1,0.0,0.0,10.0
2017-08-14,4133,79.1,36.8,37.3,36.15,37.0,-1.0,0.0,1.0
2017-08-15,4133,495.57,36.5,37.6,36.3,36.8,21.0,0.0,24.0
2017-08-16,4133,333.54,36.6,37.5,36.5,37.25,5.0,0.0,-5.0
2017-08-17,4133,468.41,37.45,37.6,36.5,37.55,25.0,0.0,-25.0
2017-08-18,4133,530.59,37.65,37.65,36.35,37.1,19.0,0.0,24.0
2017-08-21,4133,117.0,37.0,37.15,36.35,36.45,0.0,0.0,11.0
2017-08-22,4133,667.06,37.0,37.0,35.4,35.75,9.0,0.0,97.0
2017-08-23,4133,200.09,35.45,35.85,35.35,35.45,14.0,1.0,-10.0
2017-08-24,4133,100.23,35.45,35.65,35.4,35.4,4.0,0.0,-10.0
2017-08-25,4133,139.24,35.4,35.75,35.4,35.75,3.0,0.0,23.0
2017-08-28,4133,143.16,35.1,35.1,34.35,34.45,0.1,26.0,-12.0
2017-08-29,4133,65.2,34.6,34.85,34.45,34.5,-0.1,0.0,-4.0
2017-08-30,4133,1658.19,34.95,37.6,34.2,37.5,25.0,0.0,-28.0
2017-08-31,4133,3120.88,39.9,40.9,37.55,39.45,-26.0,1.0,419.0
2017-09-01,4133,1876.55,40.2,40.85,38.8,39.1,0.0,0.0,39.0
2017-09-04,4133,830.14,39.1,39.1,38.15,38.7,-13.0,2.0,-84.0
2017-09-05,4133,565.08,38.8,39.7,38.5,38.75,-6.0,0.0,-35.0
2017-09-06,4133,323.46,38.4,39.2,38.4,38.55,-18.0,0.0,-26.0
2017-09-07,4133,1260.88,39.0,41.4,38.3,41.3,2.0,0.0,1.0
2017-09-08,4133,1126.4,40.4,40.9,39.6,40.5,-87.0,0.0,70.0
2017-09-11,4133,505.12,40.45,40.5,39.4,39.4,-1.0,0.0,-42.0
2017-09-12,4133,544.54,39.45,39.8,39.1,39.8,2.0,0.0,-24.0
2017-09-13,4133,1746.28,40.05,41.8,39.4,41.8,2.0,0.0,142.0
2017-09-14,4133,1583.48,42.8,43.5,41.1,41.2,18.0,39.0,301.0
2017-09-15,4133,836.38,41.2,42.4,40.85,41.45,54.0,0.0,169.0
2017-09-18,4133,785.33,42.0,42.0,40.7,41.8,-72.0,1.0,-53.0
2017-09-19,4133,627.06,42.4,42.4,40.2,40.35,-1.0,0.0,28.0
2017-09-20,4133,848.16,40.6,40.75,39.25,40.75,8.0,0.0,-60.0
2017-09-21,4133,681.22,41.25,41.3,40.0,40.7,-19.0,0.0,-27.0
2017-09-22,4133,975.4,40.95,41.3,39.25,39.3,-11.0,15.0,51.0
2017-09-25,4133,399.01,39.0,39.45,38.2,38.6,3.0,2.0,-40.0
2017-09-26,4133,330.28,38.35,39.15,38.1,38.5,-9.0,4.0,-62.0
2017-09-27,4133,762.25,38.8,40.75,38.2,40.3,-2.0,13.0,-13.0
2017-09-28,4133,256.02,40.2,40.4,39.5,39.6,-5.0,32.0,33.0
2017-09-29,4133,274.07,39.6,39.95,39.0,39.8,0.0,0.0,-28.0
2017-09-30,4133,138.75,40.05,40.05,39.35,39.5,0.0,0.0,-35.0
2017-10-02,4133,281.04,39.9,40.3,39.4,40.2,2.0,0.0,-9.0
2017-10-03,4133,809.09,40.45,41.0,39.8,40.7,11.0,0.0,46.0
2017-10-05,4133,1095.69,40.7,42.1,40.35,41.25,-13.0,0.0,-265.0
2017-10-06,4133,366.72,42.2,42.2,40.85,41.2,-2.0,7.78,-38.0
2017-10-11,4133,836.06,41.6,42.5,40.65,42.5,8.0,3.0,-45.0
2017-10-12,4133,1547.08,42.95,44.0,42.0,42.8,-24.82,1.0,101.0
2017-10-13,4133,476.1,42.85,42.85,41.5,41.5,12.0,0.0,20.0
2017-10-16,4133,331.23,41.95,42.15,41.5,41.8,4.0,0.0,-66.0
2017-10-17,4133,431.9,41.8,41.95,40.7,40.7,16.0,2.0,4.0
2017-10-18,4133,982.3,40.7,40.9,39.3,40.45,39.0,33.0,8.0
2017-10-19,4133,387.64,40.7,40.7,39.6,39.6,8.0,0.0,38.0
2017-10-20,4133,437.32,39.5,39.85,38.9,38.95,-8.0,0.0,47.0
2017-10-23,4133,206.19,38.95,39.35,38.5,38.5,-1.0,0.0,-46.0
2017-10-24,4133,623.73,38.55,40.2,38.55,39.7,-30.0,0.0,109.0
2017-10-25,4133,399.33,39.6,39.8,38.75,38.75,-49.0,0.0,-3.0
2017-10-26,4133,200.54,38.75,39.25,38.75,38.75,-16.0,0.0,14.0
2017-10-27,4133,604.77,38.75,39.5,38.5,38.9,11.0,4.0,-29.0
2017-10-30,4133,156.52,39.3,39.45,38.2,38.65,-36.0,0.0,6.0
2017-10-31,4133,157.74,38.65,39.25,38.4,39.25,-5.0,0.0,-1.0
2017-11-01,4133,305.23,39.1,39.5,38.35,38.35,-8.0,0.0,-20.0
2017-11-02,4133,254.68,38.35,39.3,38.35,39.15,6.0,0.0,-51.0
2017-11-03,4133,64.01,38.9,39.15,38.6,38.6,-1.0,0.0,15.0
2017-11-06,4133,126.3,38.6,38.8,38.3,38.35,2.0,0.0,-27.0
2017-11-07,4133,87.68,38.6,38.75,38.35,38.6,-2.0,0.0,-7.0
2017-11-08,4133,302.13,38.6,39.25,38.4,39.0,-3.0,0.0,-25.0
2017-11-09,4133,132.15,39.25,39.25,38.5,38.55,0.0,0.0,-6.0
2017-11-10,4133,184.24,38.85,39.05,38.4,39.05,1.0,0.0,28.0
2017-11-13,4133,856.05,39.3,39.7,39.05,39.15,26.0,0.0,-37.0
2017-11-14,4133,139.12,39.15,39.25,38.45,39.05,9.0,0.0,-27.0
2017-11-15,4133,40.04,39.15,39.15,38.75,38.75,4.0,0.0,-1.0
2017-11-16,4133,118.07,38.8,38.95,38.35,38.35,2.0,0.0,23.0
2017-11-17,4133,94.45,38.8,38.8,38.15,38.2,-0.26,0.0,-20.0
2017-11-20,4133,196.53,38.2,39.1,38.2,38.65,28.0,0.0,8.0
2017-11-21,4133,547.74,38.95,39.25,38.45,39.2,-2.0,0.0,14.0
2017-11-22,4133,156.35,39.2,39.2,38.4,38.45,3.0,0.0,-24.0
2017-11-23,4133,203.14,38.5,38.7,38.1,38.6,-1.0,0.0,-47.0
2017-11-24,4133,120.04,38.4,38.8,38.3,38.4,2.0,0.0,30.0
2017-11-27,4133,113.2,38.5,38.7,38.2,38.4,-16.0,0.0,7.0
2017-11-28,4133,129.02,38.3,38.4,37.95,37.95,-6.0,0.0,3.0
2017-11-29,4133,217.7,37.3,38.15,37.3,37.35,2.0,0.0,-32.0
2017-11-30,4133,66.38,37.35,37.85,37.35,37.6,5.0,1.0,-17.0
2017-12-01,4133,118.12,37.4,37.65,37.0,37.2,-1.0,11.0,-22.0
2017-12-04,4133,69.26,37.75,37.75,36.8,37.45,-2.0,0.0,7.0
2017-12-05,4133,146.41,37.8,37.9,37.25,37.6,16.0,0.0,12.0
2017-12-06,4133,67.72,37.6,37.8,37.35,37.4,-5.0,0.0,-4.0
2017-12-07,4133,103.75,37.5,37.75,36.85,37.6,3.0,0.0,4.0
2017-12-08,4133,186.3,37.5,37.5,36.6,36.8,-5.0,0.0,-39.0
2017-12-11,4133,159.36,37.2,37.3,36.7,36.7,1.0,0.0,-93.0
2017-12-12,4133,69.63,37.0,37.05,36.5,36.7,6.0,0.0,-28.0
2017-12-13,4133,221.73,37.15,37.75,37.1,37.25,19.0,0.0,-11.0
2017-12-14,4133,81.6,37.3,37.6,37.15,37.3,3.0,0.0,-4.0
2017-12-15,4133,35.0,37.6,37.6,37.1,37.5,-3.0,0.0,2.0
2017-12-18,4133,47.14,37.6,37.9,37.4,37.7,-1.0,0.0,-8.0
2017-12-19,4133,47.15,37.7,37.8,37.3,37.3,-6.0,0.0,-1.0
2017-12-20,4133,57.12,37.2,37.9,37.2,37.6,-3.0,0.0,2.0
2017-12-21,4133,99.01,37.85,38.0,37.5,37.7,13.0,0.0,1.0
2017-12-22,4133,83.3,37.9,38.0,37.55,37.9,23.0,0.0,0.0
2017-12-25,4133,60.1,38.15,38.15,37.9,38.0,7.0,0.0,1.0
2017-12-26,4133,194.1,38.0,38.35,37.45,37.95,4.0,0.0,20.0
2017-12-27,4133,22.97,37.95,37.95,37.55,37.9,-1.0,0.0,0.0
2017-12-28,4133,30.6,38.3,38.3,37.75,38.0,1.0,0.0,10.0
2017-12-29,4133,253.97,38.25,39.35,38.2,39.3,16.0,0.0,52.0
2018-01-02,4133,256.07,38.95,39.4,38.7,38.7,2.0,0.0,50.0
2018-01-03,4133,40.15,38.9,39.2,38.45,38.75,0.0,0.0,1.0
2018-01-04,4133,61.17,38.95,38.95,38.2,38.45,0.0,0.0,-10.0
2018-01-05,4133,88.24,38.3,38.45,38.05,38.3,-1.0,0.0,-35.0
2018-01-08,4133,99.31,38.5,38.7,38.2,38.2,2.0,0.0,12.0
2018-01-09,4133,89.16,38.5,38.7,38.2,38.45,0.0,0.0,-25.0
2018-01-10,4133,83.0,38.55,38.55,37.7,38.3,-6.0,0.0,23.0
2018-01-11,4133,75.39,38.45,38.45,37.8,38.35,-4.0,0.0,-1.0
2018-01-12,4133,72.0,38.45,38.45,37.95,38.1,-1.0,0.0,1.0
2018-01-15,4133,741.59,38.5,39.65,38.4,39.0,43.0,0.0,89.0
2018-01-16,4133,208.29,39.05,39.3,38.8,38.8,5.0,0.0,-4.0
2018-01-17,4133,130.55,38.8,39.05,38.65,39.05,6.0,0.0,33.0
2018-01-18,4133,212.25,39.25,39.3,38.6,38.6,-17.0,0.0,13.0
2018-01-19,4133,118.96,38.95,38.95,38.3,38.3,5.0,0.0,-38.0
2018-01-22,4133,77.79,38.6,38.6,38.2,38.2,1.0,0.0,11.0
2018-01-23,4133,61.31,38.25,38.6,38.1,38.1,3.0,0.0,16.0
2018-01-24,4133,85.04,38.3,38.3,37.75,37.9,-5.0,0.0,-12.0
2018-01-25,4133,97.01,37.9,37.95,37.25,37.3,-2.0,0.0,0.0
2018-01-26,4133,156.31,37.15,38.1,36.85,37.0,-7.0,0.0,-37.0
2018-01-29,4133,59.84,37.0,37.25,36.85,37.1,-3.0,0.0,-15.0
2018-01-30,4133,59.13,37.25,37.25,36.6,36.7,-6.0,0.0,-20.0
2018-01-31,4133,78.04,36.55,36.85,36.5,36.8,-9.0,0.0,-10.0
2018-02-01,4133,71.16,36.75,37.0,36.6,36.6,-4.0,0.0,-25.0
2018-02-02,4133,56.46,36.95,36.95,36.5,36.7,-1.0,0.0,-9.0
2018-02-05,4133,55.05,36.2,36.5,35.9,36.35,-1.0,0.0,-7.0
2018-02-06,4133,328.23,35.9,36.25,32.75,33.5,-6.0,0.0,-100.0
2018-02-07,4133,67.0,33.4,34.3,33.4,33.5,-3.0,0.0,-5.0
2018-02-08,4133,121.19,34.2,34.5,33.7,34.0,1.0,0.0,10.0
2018-02-09,4133,178.7,32.05,33.45,31.85,33.2,12.0,0.0,-43.0
2018-02-12,4133,104.44,33.5,33.5,33.0,33.25,59.0,0.0,-3.0
2018-02-21,4133,91.21,33.45,33.9,33.4,33.7,2.0,0.0,8.0
2018-02-22,4133,44.06,33.6,34.25,33.6,34.2,5.0,0.0,-4.0
2018-02-23,4133,46.11,34.2,34.9,34.2,34.35,-1.0,0.0,-6.0
2018-02-26,4133,188.34,34.5,34.55,34.0,34.2,11.0,0.0,0.0
2018-02-27,4133,18.13,34.3,34.75,34.2,34.2,0.0,0.0,0.0
2018-03-01,4133,23.25,34.0,34.3,34.0,34.25,11.0,0.0,-1.0
2018-03-02,4133,88.04,34.2,34.8,34.2,34.5,47.0,0.0,-4.0
2018-03-05,4133,144.03,34.5,34.75,34.5,34.6,60.01,0.0,-49.0
2018-03-06,4133,100.21,34.75,35.4,34.75,35.1,24.0,0.0,23.0
2018-03-07,4133,59.38,35.2,35.55,35.2,35.45,12.0,0.0,-4.0
2018-03-08,4133,470.9,35.0,37.5,34.95,37.0,184.0,0.0,8.0
2018-03-09,4133,94.06,37.0,37.0,36.5,36.8,40.0,0.0,-12.0
2018-03-12,4133,44.12,36.5,37.1,36.3,36.85,11.0,0.0,-16.0
2018-03-13,4133,128.1,36.85,37.5,36.6,37.5,8.0,0.0,3.0
2018-03-14,4133,149.16,37.5,38.2,37.5,37.65,18.0,0.0,14.0
2018-03-15,4133,255.12,37.65,39.1,37.65,38.8,40.0,0.0,2.0
2018-03-16,4133,69.26,38.4,38.65,38.1,38.1,14.0,0.0,-2.0
2018-03-19,4133,112.75,38.45,38.45,37.5,37.9,63.0,0.0,0.0
2018-03-20,4133,354.3,37.5,38.85,37.5,38.45,1.0,0.0,13.0
2018-03-21,4133,169.86,38.4,39.0,38.3,38.35,25.0,0.0,15.0
2018-03-22,4133,131.89,38.6,38.65,38.25,38.25,16.0,0.0,-4.0
2018-03-23,4133,68.11,37.3,37.75,37.0,37.4,1.0,0.0,-2.0
2018-03-26,4133,332.04,37.55,39.3,37.55,38.7,0.0,0.0,8.0
2018-03-27,4133,53.34,39.2,39.2,38.4,38.4,0.0,0.0,-9.0
2018-03-28,4133,88.54,38.6,38.6,38.0,38.35,32.0,0.0,-10.0
2018-03-29,4133,288.57,38.75,39.1,38.5,38.95,152.0,0.0,23.0
2018-03-30,4133,203.44,39.4,40.0,38.6,38.9,-10.0,0.0,-15.0
2018-03-31,4133,109.62,39.0,39.4,38.4,38.8,0.0,0.0,16.0
2018-04-02,4133,223.45,39.0,39.1,38.1,38.6,29.0,0.0,22.0
2018-04-03,4133,149.21,38.4,39.1,38.4,38.5,45.0,0.0,-43.0
2018-04-09,4133,127.64,38.5,39.0,38.45,38.85,0.0,0.0,-11.0
2018-04-10,4133,194.35,39.0,39.45,36.7,36.8,0.0,0.0,0.0
2018-04-11,4133,83.42,37.8,37.8,36.9,36.95,8.0,0.0,6.0
2018-04-12,4133,75.56,37.0,37.35,36.95,36.95,0.0,0.0,-4.0
2018-04-13,4133,198.96,37.4,37.4,36.25,36.3,-3.0,0.0,4.0
2018-04-16,4133,82.21,36.2,36.55,35.7,36.0,4.0,0.0,-8.0
2018-04-17,4133,33.06,36.0,36.4,35.8,36.1,-4.0,0.0,-1.0
2018-04-18,4133,45.36,36.2,36.4,35.7,35.8,-2.0,0.0,3.0
2018-04-19,4133,116.61,36.6,36.6,35.85,36.2,5.0,0.0,2.0
2018-04-20,4133,42.24,35.95,36.4,35.8,36.4,-6.0,0.0,-4.0
2018-04-23,4133,53.01,36.4,36.8,36.3,36.8,1.0,0.0,-3.0
2018-04-24,4133,258.59,34.5,35.5,34.5,34.9,-12.0,0.0,-6.0
2018-04-25,4133,70.0,35.2,35.5,34.75,35.5,8.0,0.0,-5.0
2018-04-26,4133,342.66,36.25,38.65,36.0,36.8,-7.0,0.0,33.0
2018-04-27,4133,68.09,36.9,36.9,35.9,36.3,0.0,0.0,-22.0
2018-04-30,4133,68.03,36.8,36.8,36.35,36.45,5.0,0.0,-7.0
2018-05-02,4133,159.15,36.8,36.8,35.6,35.6,1.0,0.0,3.0
2018-05-03,4133,233.1,35.5,35.8,35.15,35.3,-2.0,0.0,8.0
2018-05-04,4133,42.3,35.3,35.3,34.85,35.0,-3.0,0.0,-5.0
2018-05-07,4133,16.0,34.95,35.3,34.65,35.2,-2.0,0.0,-1.0
2018-05-08,4133,46.19,35.5,35.5,34.75,34.75,-3.0,0.0,5.0
2018-05-09,4133,34.04,34.75,35.5,34.35,34.7,-2.0,0.0,-2.0
2018-05-10,4133,27.3,34.45,35.4,34.45,35.2,12.0,0.0,-1.0
2018-05-11,4133,20.3,35.3,35.3,34.6,35.1,0.0,0.0,-4.0
2018-05-14,4133,28.06,35.35,35.35,34.55,34.55,0.0,0.0,2.0
2018-05-15,4133,34.08,34.95,34.95,34.3,34.7,0.0,0.0,-4.0
2018-05-16,4133,15.0,35.1,35.1,34.7,34.8,0.0,0.0,-1.0
2018-05-17,4133,54.15,34.6,34.8,34.1,34.5,0.0,0.0,4.0
2018-05-18,4133,35.61,34.7,34.7,34.2,34.2,0.0,0.0,5.0
2018-05-21,4133,82.55,34.45,34.45,33.6,33.95,0.0,0.0,-9.0
2018-05-22,4133,75.17,34.5,35.1,34.2,34.35,21.0,0.0,-2.0
2018-05-23,4133,18.43,34.35,34.7,34.2,34.5,0.0,0.0,2.0
2018-05-24,4133,147.09,35.0,35.0,34.2,34.85,1.0,0.0,-7.0
2018-05-25,4133,38.3,35.2,35.2,34.5,34.9,29.0,0.0,-4.0
2018-05-28,4133,81.0,35.0,35.2,34.55,35.0,40.0,0.0,2.0
2018-05-29,4133,149.35,35.2,35.5,35.15,35.4,112.0,0.0,-10.0
2018-05-30,4133,278.11,35.35,37.0,35.25,35.85,-1.0,0.0,-2.0
2018-05-31,4133,36.34,36.4,36.45,35.9,36.3,22.0,0.0,-2.0
2018-06-01,4133,14.15,36.45,36.45,36.0,36.0,0.0,0.0,3.0
2018-06-04,4133,104.68,36.0,36.55,35.9,36.4,81.0,0.0,-5.0
2018-06-05,4133,255.02,36.9,36.9,36.4,36.7,82.0,0.0,0.0
2018-06-06,4133,141.23,36.7,36.95,36.6,36.7,115.0,0.0,0.0
2018-06-07,4133,150.06,37.25,37.25,36.75,36.95,111.0,0.0,-11.0
2018-06-08,4133,83.08,37.0,37.1,36.85,37.0,52.0,0.0,2.0
2018-06-11,4133,33.04,36.9,37.1,36.45,36.5,2.0,0.0,-2.0
2018-06-12,4133,63.21,36.75,37.0,36.5,36.9,38.0,0.0,3.0
2018-06-13,4133,48.0,36.9,37.05,36.8,36.9,23.0,0.0,0.0
2018-06-14,4133,35.0,37.0,37.1,36.7,36.9,12.0,0.0,1.0
2018-06-15,4133,39.0,36.95,36.95,36.35,36.4,-1.0,0.0,6.0
2018-06-19,4133,14.0,36.5,36.5,35.6,35.95,-1.0,0.0,1.0
2018-06-20,4133,93.34,36.0,36.35,35.95,36.05,80.0,0.0,-8.0
2018-06-21,4133,52.65,36.1,36.85,36.1,36.6,30.0,0.0,1.0
2018-06-22,4133,67.13,36.75,36.95,36.6,36.8,33.0,0.0,-4.0
2018-06-25,4133,271.0,36.9,36.95,36.2,36.8,108.0,0.0,-1.0
2018-06-26,4133,118.16,36.9,37.15,36.65,36.8,46.0,0.0,9.0
2018-06-27,4133,247.35,38.0,38.0,37.1,37.6,8.0,0.0,25.0
2018-06-28,4133,79.43,37.45,37.55,37.1,37.2,56.0,0.0,-12.0
2018-06-29,4133,230.52,37.2,38.4,37.2,38.4,49.0,0.0,3.0
2018-07-02,4133,90.3,38.7,38.7,37.85,38.2,-1.0,0.0,24.0
2018-07-03,4133,60.13,38.1,38.1,37.4,37.45,-2.0,0.0,-4.0
2018-07-04,4133,73.2,37.6,37.6,36.2,36.25,3.0,0.0,-1.0
2018-07-05,4133,44.59,35.75,36.1,34.6,34.6,0.0,0.0,0.0
2018-07-06,4133,44.25,34.85,34.95,33.95,34.3,2.0,0.0,-11.0
2018-07-09,4133,31.34,34.75,34.85,34.5,34.6,2.0,0.0,1.0
2018-07-10,4133,26.49,34.9,34.9,34.25,34.7,2.0,0.0,0.0
2018-07-11,4133,18.0,34.7,34.7,34.4,34.7,0.0,0.0,1.0
2018-07-12,4133,35.55,34.7,35.5,34.7,35.1,0.0,0.0,-4.0
2018-07-13,4133,24.0,35.2,35.45,35.1,35.25,1.0,0.0,4.0
2018-07-16,4133,28.1,35.25,35.85,35.25,35.4,0.0,0.0,1.0
2018-07-17,4133,46.72,36.1,36.1,35.15,35.15,0.0,0.0,4.0
2018-07-18,4133,32.0,35.2,35.45,35.0,35.2,4.0,0.0,9.0
2018-07-19,4133,30.13,35.2,35.7,34.85,35.25,0.0,0.0,10.0
2018-07-20,4133,42.0,35.6,35.6,34.8,35.2,0.0,0.0,0.0
2018-07-23,4133,18.21,35.25,35.65,35.0,35.45,0.0,0.0,7.0
2018-07-24,4133,52.21,35.5,35.8,35.4,35.4,0.0,0.0,-2.0
2018-07-25,4133,30.15,35.1,35.55,34.9,34.9,0.0,0.0,1.0
2018-07-26,4133,52.82,34.95,35.75,34.95,35.45,0.0,0.0,-9.0
2018-07-27,4133,15.3,35.7,35.7,35.3,35.6,0.0,0.0,3.0
2018-07-30,4133,21.33,36.2,36.2,35.35,35.55,-1.0,0.0,1.0
2018-07-31,4133,44.06,35.6,36.0,35.45,36.0,19.0,0.0,-2.0
2018-08-01,4133,98.57,36.2,37.0,36.2,36.9,38.0,0.0,5.0
2018-08-02,4133,61.12,37.1,37.1,36.55,36.85,27.0,0.0,5.0
2018-08-03,4133,53.09,36.85,37.1,36.8,36.95,29.0,0.0,-3.0
2018-08-06,4133,71.4,37.8,37.8,36.95,37.05,14.0,0.0,7.0
2018-08-07,4133,27.09,37.05,37.45,37.0,37.0,7.0,0.0,-2.0
2018-08-08,4133,204.11,37.25,37.25,36.15,36.5,39.0,0.0,9.0
2018-08-09,4133,22.13,36.9,36.9,36.55,36.75,10.0,0.0,1.0
2018-08-10,4133,32.16,36.6,36.85,36.6,36.6,23.0,0.0,-1.0
2018-08-13,4133,22.13,37.0,37.0,35.5,36.1,-4.0,0.0,2.0
2018-08-14,4133,33.0,36.4,36.45,36.0,36.15,16.0,0.0,-2.0
2018-08-15,4133,72.18,36.0,36.4,36.0,36.2,50.0,0.0,-3.0
2018-08-16,4133,126.81,36.1,36.5,36.1,36.2,44.0,0.0,32.0
2018-08-17,4133,70.18,36.15,36.8,36.15,36.55,16.0,0.0,12.0
2018-08-20,4133,69.46,36.8,36.8,36.15,36.3,-3.0,0.0,-2.0
2018-08-21,4133,28.17,36.85,36.85,36.1,36.3,4.0,0.0,-2.0
2018-08-22,4133,4.0,36.45,36.45,36.25,36.25,0.0,0.0,0.0
2018-08-23,4133,12.52,36.65,36.65,36.2,36.3,0.0,0.0,3.0
2018-08-24,4133,40.0,36.55,36.75,36.0,36.2,0.0,0.0,0.0
2018-08-27,4133,17.12,36.5,36.5,36.0,36.5,10.0,0.0,-2.0
2018-08-28,4133,28.04,37.0,37.0,36.2,36.35,5.0,0.0,1.0
2018-08-29,4133,19.11,36.55,36.55,36.0,36.25,0.0,0.0,4.0
2018-08-30,4133,25.0,36.4,36.4,36.0,36.1,0.0,0.0,14.0
2018-08-31,4133,12.02,36.15,36.15,35.5,35.9,0.0,0.0,-2.0
2018-09-03,4133,46.65,36.3,36.4,35.25,35.25,-20.0,0.0,10.0
2018-09-04,4133,34.75,35.6,35.6,35.0,35.2,-5.0,0.0,1.0
2018-09-05,4133,44.17,35.2,35.25,34.85,35.15,0.0,0.0,2.0
2018-09-06,4133,3.0,35.25,35.25,35.2,35.2,-1.0,0.0,1.0
2018-09-07,4133,30.6,35.2,36.1,34.85,34.9,-3.0,0.0,1.0
2018-09-10,4133,14.0,34.9,34.9,34.5,34.65,2.0,0.0,-3.0
2018-09-11,4133,120.22,35.95,36.3,35.15,35.3,0.0,0.0,17.0
2018-09-12,4133,53.18,35.9,36.1,35.3,35.45,0.0,0.0,7.0
2018-09-13,4133,27.0,35.8,35.8,35.4,35.6,5.0,0.0,1.0
2018-09-14,4133,45.0,35.75,35.75,35.2,35.25,-1.0,0.0,-9.0
2018-09-17,4133,58.0,35.4,35.4,34.75,35.3,0.0,0.0,0.0
2018-09-18,4133,22.04,35.2,35.2,34.55,34.85,0.0,0.0,3.0
2018-09-19,4133,17.09,35.05,35.05,34.75,35.0,5.0,0.0,0.0
2018-09-20,4133,11.0,35.0,35.0,34.75,34.9,0.0,0.0,-2.0
2018-09-21,4133,24.04,34.95,34.95,34.6,34.8,1.0,0.0,1.0
2018-09-25,4133,2.11,34.9,35.7,34.9,35.7,0.0,0.0,-1.0
2018-09-26,4133,5.09,34.95,34.95,34.9,34.9,0.0,0.0,1.0
2018-09-27,4133,23.28,35.05,35.05,34.4,34.9,1.0,0.0,0.0
2018-09-28,4133,53.95,34.55,34.7,34.2,34.25,-1.0,0.0,3.0
2018-10-01,4133,54.13,34.35,34.35,34.0,34.3,0.0,0.0,1.0
2018-10-02,4133,31.66,34.3,34.35,33.9,34.2,-3.0,0.0,1.0
2018-10-03,4133,27.13,34.35,34.35,33.8,33.9,0.0,0.0,1.0
2018-10-04,4133,44.36,34.35,34.35,33.7,34.0,16.0,0.0,-9.0
2018-10-05,4133,40.43,34.65,34.65,33.7,34.05,14.0,0.0,-3.0
2018-10-08,4133,43.17,34.0,34.8,33.95,33.95,13.0,0.0,-3.0
2018-10-09,4133,17.73,34.0,34.0,33.5,33.55,0.0,0.0,-1.0
2018-10-11,4133,135.31,33.2,33.45,30.2,30.2,-28.0,0.0,-22.0
2018-10-12,4133,176.04,28.6,30.8,28.55,29.4,-13.0,0.0,-59.0
2018-10-15,4133,29.0,29.05,29.6,29.05,29.1,-3.0,0.0,-2.0
2018-10-16,4133,35.13,29.8,29.8,29.35,29.5,15.0,0.0,0.0
2018-10-17,4133,88.08,30.5,30.5,29.0,29.65,22.0,0.0,-2.0
2018-10-18,4133,20.43,30.3,30.3,29.6,29.7,9.0,0.0,-1.0
2018-10-19,4133,10.0,29.2,29.6,29.0,29.25,0.0,0.0,3.0
2018-10-22,4133,39.01,29.6,29.75,29.25,29.5,7.0,0.0,-2.0
2018-10-23,4133,71.04,31.0,31.0,29.65,29.85,2.0,0.0,-2.0
2018-10-24,4133,31.0,29.3,30.2,29.15,29.75,0.0,0.0,5.0
2018-10-25,4133,75.03,29.75,29.75,27.65,29.0,0.0,0.0,28.0
2018-10-26,4133,29.08,28.6,29.35,28.5,29.0,18.0,0.0,-6.0
2018-10-29,4133,9.0,29.7,29.7,28.65,29.2,0.0,0.0,0.0
2018-10-30,4133,28.0,29.3,29.3,28.15,28.6,-7.0,0.0,1.0
2018-10-31,4133,5.0,28.9,29.1,28.6,28.95,0.0,0.0,-1.0
2018-11-01,4133,31.0,28.6,29.15,28.55,28.95,0.0,0.0,-2.0
2018-11-02,4133,50.08,28.75,29.7,28.75,29.25,-4.0,0.0,-10.0
2018-11-05,4133,98.86,28.85,29.6,28.55,28.7,-43.0,0.0,0.0
2018-11-06,4133,32.67,29.05,29.1,28.75,29.0,24.0,0.0,-7.0
2018-11-07,4133,31.74,29.35,29.7,29.1,29.6,14.0,0.0,-4.0
2018-11-08,4133,15.04,29.75,29.75,29.4,29.75,9.0,0.0,-2.0
2018-11-09,4133,35.25,29.6,29.7,29.6,29.7,20.0,0.0,-3.0
2018-11-12,4133,9.01,29.8,29.8,29.15,29.6,1.0,0.0,2.0
2018-11-13,4133,9.1,29.05,29.4,29.05,29.4,0.0,0.0,0.0
2018-11-14,4133,30.0,29.0,29.35,29.0,29.35,18.0,0.0,0.0
2018-11-15,4133,14.0,29.55,29.55,29.3,29.3,11.0,0.0,-1.0
2018-11-16,4133,17.04,29.9,29.9,29.05,29.75,11.0,0.0,-3.0
2018-11-19,4133,39.07,29.6,30.0,29.6,29.9,9.0,0.0,-3.0
2018-11-20,4133,5.0,30.0,30.0,29.6,29.6,0.0,0.0,0.0
2018-11-21,4133,16.08,30.25,30.25,29.5,29.8,3.0,0.0,1.0
2018-11-22,4133,8.0,30.0,30.0,29.35,29.8,0.0,0.0,-2.0
2018-11-23,4133,10.0,30.0,30.0,29.8,29.85,-2.0,0.0,0.0
2018-11-26,4133,12.04,29.85,29.95,29.5,29.95,5.0,0.0,-2.0
2018-11-27,4133,15.08,29.7,29.9,29.6,29.85,-4.0,0.0,3.0
2018-11-28,4133,15.21,29.95,29.95,29.65,29.9,1.0,0.0,1.0
2018-11-29,4133,25.13,29.95,29.95,29.75,29.95,-1.0,0.0,11.0
2018-11-30,4133,25.69,29.8,30.05,29.75,30.05,-1.0,0.0,0.0
2018-12-03,4133,62.04,30.0,30.2,29.75,29.85,-27.0,0.0,0.0
2018-12-04,4133,26.04,29.7,30.0,29.65,29.95,-14.0,0.0,4.0
2018-12-05,4133,24.0,30.0,30.0,29.8,30.0,0.0,0.0,13.0
2018-12-06,4133,26.0,30.0,30.0,29.5,29.8,-5.0,0.0,6.0
2018-12-07,4133,18.0,30.0,30.0,29.55,29.55,0.0,0.0,-7.0
2018-12-10,4133,33.0,29.6,30.1,29.35,29.7,0.0,0.0,1.0
2018-12-11,4133,5.04,29.95,29.95,29.35,29.9,0.0,0.0,1.0
2018-12-12,4133,42.01,29.75,29.75,29.45,29.7,0.0,0.0,7.0
2018-12-13,4133,22.0,29.8,29.8,29.35,29.8,0.0,0.0,3.0
2018-12-14,4133,33.06,29.5,29.7,29.3,29.45,0.0,0.0,4.0
2018-12-17,4133,21.3,29.8,29.8,29.2,29.55,0.0,0.0,3.0
2018-12-18,4133,13.0,29.3,29.4,29.2,29.2,0.0,0.0,4.0
2018-12-19,4133,35.3,29.05,29.25,29.05,29.05,-12.0,0.0,10.0
2018-12-20,4133,30.74,29.15,29.15,28.8,29.15,0.0,0.0,3.0
2018-12-21,4133,6.28,29.15,29.35,28.95,29.2,0.0,0.0,-2.0
2018-12-22,4133,19.0,29.0,29.2,28.9,29.15,0.0,0.0,6.0
2018-12-24,4133,53.0,29.1,29.65,28.85,29.4,0.0,0.0,-12.0
2018-12-25,4133,4.0,29.05,29.25,29.05,29.25,0.0,0.0,0.0
2018-12-26,4133,8.0,29.95,29.95,29.15,29.4,0.0,0.0,0.0
2018-12-27,4133,29.07,29.5,29.6,29.15,29.4,0.0,0.0,5.0
2018-12-28,4133,64.22,29.55,30.0,29.35,30.0,0.0,0.0,-16.0
2019-01-02,4133,36.0,30.35,30.35,29.3,29.3,0.0,0.0,1.0
2019-01-03,4133,15.01,29.65,29.7,29.35,29.35,0.0,0.0,-1.0
2019-01-04,4133,15.18,29.5,29.5,29.1,29.4,2.0,0.0,-3.0
2019-01-07,4133,21.08,29.6,29.6,29.2,29.35,-6.0,0.0,0.0
2019-01-08,4133,87.43,29.15,29.85,29.15,29.3,-2.0,0.0,-3.0
2019-01-09,4133,32.09,29.5,29.95,29.35,29.5,1.0,0.0,-2.0
2019-01-10,4133,42.0,29.6,29.6,29.3,29.4,-2.0,0.0,1.0
2019-01-11,4133,68.0,29.3,29.4,28.85,29.2,-3.0,0.0,1.0
2019-01-14,4133,21.0,29.15,29.45,28.8,29.1,-2.0,0.0,1.0
2019-01-15,4133,40.5,29.15,29.15,28.7,28.9,-1.0,0.0,-10.0
2019-01-16,4133,28.43,29.0,29.0,28.5,28.85,-7.0,0.0,1.0
2019-01-17,4133,15.0,28.9,28.9,28.55,28.75,-1.0,0.0,-1.0
2019-01-18,4133,25.3,28.55,28.75,28.5,28.7,0.0,0.0,3.0
2019-01-21,4133,29.13,28.5,28.8,28.5,28.8,0.0,0.0,5.0
2019-01-22,4133,18.58,28.85,28.85,28.5,28.55,0.0,0.0,7.0
2019-01-23,4133,72.01,28.5,28.55,28.2,28.35,0.0,0.0,-13.0
2019-01-24,4133,23.23,28.4,28.5,28.25,28.5,0.0,0.0,0.0
2019-01-25,4133,61.08,28.65,28.65,28.2,28.4,0.0,0.0,4.0
2019-01-28,4133,209.13,28.4,29.6,28.2,29.4,0.0,0.0,46.0
2019-01-29,4133,313.0,29.7,30.75,28.85,28.85,3.0,0.0,-54.0
2019-01-30,4133,47.01,28.95,29.1,28.7,28.7,0.0,0.0,-5.0
2019-02-11,4133,101.01,28.8,29.3,28.6,29.0,-33.0,0.0,-11.0
2019-02-12,4133,44.06,28.85,29.25,28.85,29.1,0.0,0.0,-4.0
2019-02-13,4133,40.44,29.15,29.35,29.0,29.2,0.0,0.0,-5.0
2019-02-14,4133,83.02,29.7,29.7,29.3,29.65,25.0,0.0,-8.0
2019-02-15,4133,226.35,29.9,31.9,29.85,31.0,3.0,0.0,29.0
2019-02-18,4133,171.11,31.0,32.4,31.0,31.7,-11.0,0.0,-4.0
2019-02-19,4133,219.15,32.05,32.3,31.5,32.1,128.0,0.0,-29.0
2019-02-20,4133,105.1,32.45,33.3,32.25,32.7,21.0,0.0,12.0
2019-02-21,4133,69.09,32.65,32.65,32.0,32.3,11.0,0.0,11.0
2019-02-22,4133,57.1,32.65,32.65,32.0,32.0,21.0,0.0,3.0
2019-02-25,4133,26.2,32.0,32.4,32.0,32.1,13.0,0.0,-2.0
2019-02-26,4133,85.27,32.0,32.2,32.0,32.15,55.0,0.0,-8.0
2019-02-27,4133,72.1,32.2,32.5,32.1,32.1,-3.0,0.0,9.0
2019-03-04,4133,71.08,32.1,32.45,32.1,32.45,52.0,0.0,-1.0
2019-03-05,4133,69.06,32.1,32.4,32.1,32.35,48.0,0.0,-14.0
2019-03-06,4133,52.08,32.3,32.8,32.3,32.7,21.0,0.0,12.0
2019-03-07,4133,87.06,32.7,32.9,32.6,32.75,27.0,0.0,28.0
2019-03-08,4133,54.15,32.75,32.85,32.7,32.7,18.0,0.0,14.0
2019-03-11,4133,39.06,32.7,32.8,32.2,32.5,19.0,0.0,-1.0
2019-03-12,4133,64.24,32.5,32.75,32.5,32.6,28.0,0.0,7.0
2019-03-13,4133,79.27,32.65,32.65,31.65,32.35,-4.0,0.0,-5.0
2019-03-14,4133,34.38,31.9,32.4,31.0,31.3,-1.0,0.0,7.0
2019-03-15,4133,32.14,31.2,31.55,30.75,31.0,-1.0,0.0,1.0
2019-03-18,4133,112.14,31.0,32.3,31.0,31.9,3.0,0.0,21.0
2019-03-19,4133,94.15,32.2,32.2,31.15,31.25,-30.0,0.0,6.0
2019-03-20,4133,54.15,31.0,31.4,30.6,31.2,3.0,0.0,19.0
2019-03-21,4133,45.06,31.05,31.1,30.5,31.1,-5.0,0.0,0.0
2019-03-22,4133,9.01,31.3,31.3,30.7,30.85,0.0,0.0,0.0
2019-03-25,4133,44.39,30.5,30.65,30.0,30.35,-1.0,0.0,1.0
2019-03-26,4133,38.16,30.6,30.9,30.4,30.4,0.0,0.0,-4.0
2019-03-27,4133,16.82,30.9,30.9,30.3,30.9,-1.0,0.0,0.0
2019-03-28,4133,13.21,30.35,31.3,30.35,31.3,1.0,0.0,-2.0
2019-03-29,4133,21.06,31.3,31.3,30.7,30.95,1.0,0.0,0.0
2019-04-01,4133,50.05,31.2,31.2,30.55,30.8,-1.0,0.0,10.0
2019-04-02,4133,20.13,30.8,30.8,30.3,30.6,1.0,0.0,3.0
2019-04-03,4133,32.04,30.6,31.45,30.6,31.0,1.0,0.0,6.0
2019-04-08,4133,27.22,31.3,31.3,30.55,30.8,0.0,0.0,2.0
2019-04-09,4133,20.04,30.9,31.0,30.6,30.6,0.0,0.0,0.0
2019-04-10,4133,50.0,30.95,30.95,30.45,30.45,0.0,0.0,8.0
2019-04-11,4133,30.04,31.45,31.45,30.4,30.4,0.0,0.0,-12.0
2019-04-12,4133,70.14,30.7,30.7,30.05,30.1,-4.0,0.0,-12.0
2019-04-15,4133,159.96,31.0,31.0,30.3,30.5,-1.0,0.0,-3.0
2019-04-16,4133,37.08,30.55,30.55,30.1,30.1,-1.0,0.0,5.0
2019-04-17,4133,61.41,30.0,30.95,30.0,30.95,15.0,0.0,0.0
2019-04-18,4133,47.05,31.0,31.0,30.4,30.5,-9.0,0.0,1.0
2019-04-19,4133,37.01,30.75,30.75,30.2,30.3,-4.0,0.0,0.0
2019-04-22,4133,44.08,30.6,30.6,30.2,30.3,0.0,0.0,11.0
2019-04-23,4133,23.22,30.15,30.55,30.05,30.05,0.0,0.0,-2.0
2019-04-24,4133,15.82,30.35,30.35,30.1,30.15,0.0,0.0,-1.0
2019-04-25,4133,21.0,30.15,30.5,30.1,30.3,-1.0,0.0,3.0
2019-04-26,4133,29.0,30.9,30.9,30.0,30.0,-2.0,0.0,-3.0
2019-04-29,4133,26.66,30.1,30.4,29.85,29.9,0.66,0.0,1.0
2019-04-30,4133,38.1,29.7,30.0,29.7,29.85,0.0,0.0,2.0
2019-05-02,4133,43.01,30.0,30.2,29.7,29.85,-1.0,0.0,2.0
2019-05-03,4133,21.1,30.65,30.65,29.9,30.05,-1.0,0.0,3.0
2019-05-06,4133,22.07,30.15,30.15,29.6,29.85,-3.0,0.0,-5.0
2019-05-07,4133,40.09,29.85,30.05,29.8,29.8,-1.0,0.0,11.0
2019-05-08,4133,15.0,29.8,30.05,29.7,30.0,0.0,0.0,-2.0
2019-05-09,4133,37.43,29.75,29.9,29.7,29.7,0.0,0.0,11.0
2019-05-10,4133,25.29,29.9,29.9,29.5,29.65,0.0,0.0,-1.0
2019-05-13,4133,69.0,30.6,30.6,29.05,29.05,0.0,0.0,-2.0
2019-05-14,4133,68.1,28.15,28.7,28.0,28.65,0.0,0.0,3.0
2019-05-15,4133,36.1,28.75,28.75,28.15,28.35,-3.0,0.0,11.0
2019-05-16,4133,80.33,28.5,28.6,27.85,27.85,0.0,0.0,-31.0
2019-05-17,4133,33.05,28.3,28.3,27.8,28.15,0.0,0.0,0.0
2019-05-20,4133,35.08,28.0,28.2,27.1,27.5,-1.0,0.0,-16.0
2019-05-21,4133,37.94,27.6,27.9,27.45,27.85,10.0,0.0,-3.0
2019-05-22,4133,40.17,27.75,27.9,27.6,27.8,1.0,0.0,0.0
2019-05-23,4133,12.2,27.8,27.8,27.35,27.6,0.0,0.0,0.0
2019-05-24,4133,12.15,27.6,27.65,27.6,27.6,0.0,0.0,-2.0
2019-05-27,4133,64.48,27.65,27.75,27.15,27.35,0.0,0.0,-20.0
2019-05-28,4133,86.52,27.4,27.4,27.0,27.15,1.0,0.0,-5.0
2019-05-29,4133,52.94,27.15,28.4,27.1,27.65,-4.0,0.0,-2.0
2019-05-30,4133,76.2,27.75,28.1,27.3,27.55,0.0,0.0,16.0
2019-05-31,4133,39.1,27.3,28.0,27.3,27.65,0.0,0.0,-3.0
2019-06-03,4133,111.25,27.7,28.2,27.6,27.85,0.0,0.0,-15.0
2019-06-04,4133,31.0,27.95,27.95,27.6,27.8,3.0,0.0,-11.0
2019-06-05,4133,36.1,28.1,28.1,27.5,27.7,0.0,0.0,-8.0
2019-06-06,4133,15.01,27.75,27.75,27.5,27.6,0.0,0.0,-5.0
2019-06-10,4133,10.0,27.8,27.8,27.5,27.7,-1.0,0.0,0.0
2019-06-11,4133,73.0,27.75,27.9,27.55,27.8,0.0,0.0,-1.0
2019-06-12,4133,54.01,27.85,27.95,27.65,27.95,0.0,0.0,0.0
2019-06-13,4133,36.1,27.75,27.95,27.5,27.75,0.0,0.0,1.0
2019-06-14,4133,13.07,27.5,27.75,27.5,27.6,0.0,0.0,0.0
2019-06-17,4133,26.25,27.5,27.75,27.5,27.75,1.0,0.0,-9.0
2019-06-18,4133,42.0,27.7,27.9,27.4,27.5,0.0,0.0,10.0
2019-06-19,4133,22.13,27.55,27.6,27.4,27.55,3.0,0.0,-1.0
2019-06-20,4133,96.2,27.4,27.85,27.4,27.8,1.0,0.0,-11.0
2019-06-21,4133,46.24,28.15,28.15,27.65,27.8,5.0,0.0,1.0
2019-06-24,4133,11.11,27.65,27.9,27.65,27.9,7.0,0.0,1.0
2019-06-25,4133,21.17,27.9,28.1,27.65,27.75,0.0,0.0,-7.0
2019-06-26,4133,7.3,27.8,28.0,27.65,27.9,0.0,0.0,1.0
2019-06-27,4133,31.14,27.95,27.95,27.7,27.95,1.0,0.0,-5.0
2019-06-28,4133,18.34,28.25,28.25,27.8,28.0,0.0,0.0,1.0
2019-07-01,4133,52.24,28.15,28.2,27.95,28.1,3.0,0.0,5.0
2019-07-02,4133,151.0,28.0,28.6,28.0,28.5,5.0,0.0,25.0
2019-07-03,4133,155.16,28.6,29.35,28.6,28.7,0.0,0.0,-4.0
2019-07-04,4133,57.43,28.8,28.8,28.5,28.65,0.0,0.0,-5.0
2019-07-05,4133,35.5,28.75,29.2,28.7,28.8,0.0,0.0,9.0
2019-07-08,4133,25.0,29.0,29.0,28.7,28.8,0.0,0.0,-9.0
2019-07-09,4133,36.2,28.9,28.9,28.7,28.85,-1.0,0.0,-5.0
2019-07-10,4133,66.26,29.0,29.0,28.5,28.5,-1.0,0.0,2.0
2019-07-11,4133,50.0,28.1,28.8,28.1,28.2,0.0,0.0,1.0
2019-07-12,4133,30.0,28.35,28.35,28.05,28.2,0.0,0.0,1.0
2019-07-15,4133,34.32,28.3,28.35,28.0,28.2,0.0,0.0,6.0
2019-07-16,4133,24.1,28.3,28.45,28.05,28.2,0.0,0.0,-2.0
2019-07-17,4133,10.2,27.95,28.35,27.95,28.35,6.0,0.0,-1.0
2019-07-18,4133,129.44,28.4,29.2,28.2,28.55,0.0,0.0,37.0
2019-07-19,4133,107.98,29.0,29.55,28.75,28.75,0.0,0.0,12.0
2019-07-22,4133,24.09,28.95,28.95,28.6,28.7,0.0,0.0,-5.0
2019-07-23,4133,50.06,28.5,28.6,28.1,28.1,-6.0,0.0,3.0
2019-07-24,4133,58.0,28.25,28.4,28.15,28.3,-8.0,0.0,6.0
2019-07-25,4133,15.08,28.25,28.3,28.15,28.25,1.0,0.0,5.0
2019-07-26,4133,142.47,28.3,29.2,28.3,28.8,0.0,0.0,22.0
2019-07-29,4133,163.03,28.9,29.2,28.5,28.5,-123.0,0.0,-16.0
2019-07-30,4133,39.76,28.8,28.8,28.1,28.2,-1.0,0.0,-4.0
2019-07-31,4133,18.01,28.3,28.3,27.95,28.1,0.0,0.0,1.0
2019-08-01,4133,41.25,27.9,27.9,27.5,27.6,-1.0,0.0,-2.0
2019-08-02,4133,50.03,27.45,27.8,27.3,27.3,0.0,0.0,3.0
2019-08-05,4133,19.0,27.3,27.4,27.05,27.1,-4.0,0.0,1.0
2019-08-06,4133,25.1,26.95,27.85,26.9,27.4,0.0,0.0,0.0
2019-08-07,4133,20.2,27.4,27.6,27.05,27.05,-2.0,0.0,0.0
2019-08-08,4133,867.68,27.15,28.0,26.85,27.7,6.0,0.0,25.0
2019-08-12,4133,56.64,27.4,27.9,27.3,27.5,0.0,0.0,-1.0
2019-08-13,4133,9.17,27.7,27.7,27.5,27.55,0.0,0.0,0.0
2019-08-14,4133,29.2,27.8,27.9,27.3,27.55,-2.0,0.0,-6.0
2019-08-15,4133,24.0,27.3,27.85,27.3,27.3,0.0,0.0,-6.0
2019-08-16,4133,25.08,27.55,27.55,27.35,27.55,0.0,0.0,7.0
2019-08-19,4133,25.0,27.7,27.7,27.35,27.6,-4.0,0.0,-4.0
2019-08-20,4133,13.36,27.65,27.65,27.45,27.55,0.0,0.0,0.0
2019-08-21,4133,32.05,27.85,28.1,27.55,27.9,1.0,0.0,0.0
2019-08-22,4133,93.2,27.65,27.85,27.25,27.3,0.0,0.0,-1.0
2019-08-23,4133,26.18,27.25,27.45,27.05,27.3,0.0,0.0,-2.0
2019-08-26,4133,22.02,27.5,27.7,26.95,27.1,-1.0,0.0,2.0
2019-08-27,4133,53.11,27.7,27.7,27.15,27.25,0.0,0.0,4.0
2019-08-28,4133,71.0,27.15,27.25,26.85,27.15,0.0,0.0,-1.0
2019-08-29,4133,44.03,26.9,27.25,26.8,27.2,-1.0,0.0,8.0
2019-08-30,4133,101.66,27.15,27.2,26.7,26.95,0.0,0.0,-2.0
2019-09-02,4133,140.01,26.85,27.45,26.85,27.45,0.0,0.0,8.0
2019-09-03,4133,149.06,27.45,27.55,27.2,27.55,122.0,0.0,-5.0
2019-09-04,4133,88.04,27.65,28.45,27.65,28.05,31.0,0.0,6.0
2019-09-05,4133,116.32,28.25,28.45,28.2,28.35,35.0,0.0,0.0
2019-09-06,4133,69.03,28.5,28.5,28.25,28.3,41.0,0.0,-3.0
2019-09-09,4133,27.0,28.4,28.4,28.0,28.3,4.0,0.0,0.0
2019-09-10,4133,27.08,28.2,28.35,28.0,28.05,-1.0,0.0,-1.0
2019-09-11,4133,27.26,28.15,28.9,28.0,28.25,-1.0,0.0,0.0
2019-09-12,4133,19.04,28.45,28.45,27.85,27.9,0.0,0.0,2.0
2019-09-16,4133,40.16,28.0,28.0,27.5,27.7,-1.0,0.0,-6.0
2019-09-17,4133,52.0,27.75,27.9,27.7,27.85,2.0,0.0,2.0
2019-09-18,4133,26.39,27.6,27.8,27.4,27.7,2.0,0.0,4.0
2019-09-19,4133,73.37,27.5,27.5,27.2,27.2,0.0,0.0,2.0
2019-09-20,4133,41.29,27.3,28.3,27.2,27.3,0.0,0.0,-1.0
2019-09-23,4133,77.07,27.5,28.5,27.5,28.05,22.0,0.0,10.0
2019-09-24,4133,58.61,28.1,28.2,28.0,28.1,35.0,0.0,-15.0
2019-09-25,4133,43.0,28.45,28.45,28.0,28.1,0.0,0.0,-2.0
2019-09-26,4133,19.07,28.3,28.4,27.7,27.95,0.0,0.0,-3.0
2019-09-27,4133,126.57,27.9,28.4,27.9,28.35,75.0,0.0,-4.0
2019-10-01,4133,105.04,28.5,28.6,28.4,28.45,75.0,0.0,-3.0
2019-10-02,4133,37.05,28.45,28.5,28.15,28.2,0.0,0.0,-8.0
2019-10-03,4133,26.0,28.2,28.3,27.95,28.1,0.0,0.0,-2.0
2019-10-04,4133,36.0,28.3,28.3,27.85,28.15,-3.0,0.0,4.0
2019-10-07,4133,28.04,27.9,28.35,27.85,28.1,3.0,0.0,-2.0
2019-10-08,4133,21.11,28.25,28.25,27.95,28.0,0.0,0.0,-13.0
2019-10-09,4133,12.04,27.95,28.2,27.8,27.95,0.0,0.0,3.0
2019-10-14,4133,31.46,28.15,28.15,27.6,27.95,-2.0,0.0,1.0
2019-10-15,4133,4.06,27.95,27.95,27.65,27.95,0.0,0.0,-1.0
2019-10-16,4133,31.04,28.0,28.1,27.7,27.95,-6.0,0.0,-5.0
2019-10-17,4133,14.24,28.05,28.05,27.6,27.95,0.0,0.0,0.0
2019-10-18,4133,10.45,27.9,27.95,27.65,27.95,0.0,0.0,1.0
2019-10-21,4133,26.53,28.05,28.05,27.8,27.95,-1.0,0.0,-1.0
2019-10-22,4133,21.05,28.15,28.15,27.85,27.95,5.0,0.0,-2.0
2019-10-23,4133,15.01,28.1,28.1,27.7,27.9,0.0,0.0,2.0
2019-10-24,4133,30.06,27.7,27.75,27.6,27.6,0.0,0.0,7.0
2019-10-25,4133,19.0,27.75,27.75,27.45,27.45,0.0,0.0,-7.0
2019-10-28,4133,26.8,27.4,27.55,27.4,27.45,0.0,0.0,0.0
2019-10-29,4133,106.3,27.45,27.85,27.4,27.6,-7.0,0.0,8.0
2019-10-30,4133,175.21,27.9,29.25,27.65,28.3,1.0,0.0,21.0
2019-10-31,4133,134.04,28.4,28.65,27.3,28.5,0.0,0.0,-18.0
2019-11-01,4133,59.83,28.5,28.6,28.1,28.4,0.0,0.0,6.0
2019-11-04,4133,94.35,28.55,28.65,28.3,28.4,0.0,0.0,17.0
2019-11-05,4133,104.36,28.4,28.4,28.2,28.2,-65.0,0.0,20.0
2019-11-06,4133,85.33,28.2,28.2,27.6,27.6,-15.0,0.0,4.0
2019-11-07,4133,137.55,27.85,27.85,27.15,27.3,-7.0,0.0,-7.0
2019-11-08,4133,84.34,27.8,27.8,27.25,27.25,-47.0,0.0,25.0
2019-11-11,4133,91.4,27.15,27.25,26.65,26.9,-9.0,0.0,-3.0
2019-11-12,4133,21.27,26.9,26.9,26.7,26.9,-5.0,0.0,-6.0
2019-11-13,4133,56.17,27.15,27.15,26.85,26.9,-36.0,0.0,27.0
2019-11-14,4133,51.11,26.8,27.0,26.6,26.7,-9.0,0.0,-25.0
2019-11-15,4133,26.0,26.8,26.85,26.6,26.7,0.0,0.0,-2.0
2019-11-18,4133,48.05,26.6,26.6,26.35,26.4,-1.0,0.0,4.0
2019-11-19,4133,57.36,26.35,27.0,26.35,26.9,0.0,0.0,-2.0
2019-11-20,4133,24.5,27.05,27.05,26.65,27.0,3.0,0.0,-2.0
2019-11-21,4133,32.08,27.05,27.1,26.7,26.85,-14.0,0.0,-1.0
2019-11-22,4133,362.0,26.95,26.95,26.8,26.85,-265.0,0.0,100.0
2019-11-25,4133,77.0,26.85,26.9,26.7,26.9,-23.0,0.0,6.0
2019-11-26,4133,61.02,26.95,27.2,26.75,26.9,-10.0,0.0,1.0
2019-11-27,4133,29.06,27.0,27.1,26.8,26.9,-7.0,0.0,1.0
2019-11-28,4133,50.76,26.75,26.95,26.75,26.9,-33.0,0.0,11.0
2019-11-29,4133,29.0,26.8,26.8,26.55,26.8,-4.0,0.0,-2.0
2019-12-02,4133,15.53,26.8,26.8,26.5,26.7,0.0,0.0,0.0
2019-12-03,4133,30.3,26.8,26.8,26.5,26.7,-5.0,0.0,-2.0
2019-12-04,4133,41.6,26.5,26.6,26.2,26.35,-5.0,0.0,-1.0
2019-12-05,4133,51.32,26.35,26.45,26.15,26.3,0.0,0.0,7.0
2019-12-06,4133,152.42,26.4,26.45,25.7,25.8,0.0,0.0,42.0
2019-12-09,4133,41.2,25.7,25.9,25.65,25.85,0.0,0.0,-8.0
2019-12-10,4133,27.04,25.7,26.05,25.7,25.85,-1.0,0.0,0.0
2019-12-11,4133,52.11,25.75,26.2,25.75,25.95,1.0,0.0,0.0
2019-12-12,4133,34.15,25.85,25.95,25.75,25.9,0.0,0.0,0.0
2019-12-13,4133,37.32,26.05,26.05,25.7,25.8,-1.0,0.0,-1.0
2019-12-16,4133,29.18,25.8,26.15,25.8,26.1,11.0,0.0,0.0
2019-12-17,4133,65.83,26.2,26.2,25.9,26.0,-30.0,0.0,3.0
2019-12-18,4133,211.65,25.85,26.0,25.75,25.8,10.0,0.0,0.0
2019-12-19,4133,36.64,25.8,25.85,25.65,25.85,-2.0,0.0,0.0
2019-12-20,4133,140.99,25.95,26.1,25.75,25.9,-90.0,0.0,4.0
2019-12-23,4133,10.26,25.95,26.0,25.8,25.9,0.0,0.0,0.0
2019-12-24,4133,39.5,25.75,25.85,25.7,25.85,1.0,0.0,0.0
2019-12-25,4133,25.13,25.9,25.9,25.75,25.85,0.0,0.0,0.0
2019-12-26,4133,54.04,25.75,25.9,25.65,25.65,-1.0,0.0,-7.0
2019-12-27,4133,29.63,25.65,25.65,25.55,25.55,3.0,0.0,-3.0
2019-12-30,4133,74.22,25.6,25.6,25.3,25.35,-1.0,0.0,1.0
2019-12-31,4133,61.46,25.35,25.4,25.25,25.4,0.0,0.0,14.0
2020-01-02,4133,172.22,25.5,25.85,25.4,25.75,12.0,0.0,-6.0
2020-01-03,4133,40.1,25.75,25.9,25.55,25.7,8.0,0.0,-12.0
2020-01-06,4133,41.04,25.75,25.8,25.6,25.7,-4.0,0.0,14.0
2020-01-07,4133,24.05,25.7,25.7,25.55,25.55,-9.0,0.0,-1.0
2020-01-08,4133,31.34,25.6,25.65,25.3,25.3,1.0,0.0,2.0
2020-01-09,4133,145.2,25.55,26.0,25.25,25.4,-84.0,0.0,46.0
2020-01-10,4133,79.06,25.4,25.5,25.3,25.3,1.0,0.0,-22.0
2020-01-13,4133,80.1,25.4,25.5,25.25,25.4,-41.0,0.0,3.0
2020-01-14,4133,30.26,25.8,25.8,25.35,25.45,-1.0,0.0,-8.0
2020-01-15,4133,56.0,25.55,25.65,25.45,25.65,-2.0,0.0,10.0
2020-01-16,4133,54.14,25.8,25.8,25.35,25.65,1.0,0.0,8.0
2020-01-17,4133,25.44,25.6,25.65,25.55,25.65,0.0,0.0,-5.0
2020-01-20,4133,44.04,25.7,25.7,25.4,25.55,1.0,0.0,0.0
2020-01-30,4133,1063.88,28.0,28.1,26.9,27.45,6.0,0.0,-60.0
2020-01-31,4133,2447.73,27.0,30.15,26.3,30.15,15.0,0.0,151.0
2020-02-03,4133,1749.42,33.15,33.15,33.15,33.15,1.0,0.0,298.0
2020-02-04,4133,3409.05,35.2,35.2,30.4,32.0,-17.0,0.0,-102.0
2020-02-05,4133,1769.52,32.15,32.15,28.8,28.8,-2.0,0.0,23.0
2020-02-06,4133,1190.67,30.1,30.6,29.5,29.5,3.0,0.0,-47.0
2020-02-07,4133,3226.95,30.45,32.45,30.45,32.45,5.0,0.0,270.0
2020-02-10,4133,3630.76,33.9,34.8,32.0,32.0,-22.0,0.0,-98.0
2020-02-11,4133,1000.7,31.8,31.8,30.0,30.7,0.0,0.0,5.0
2020-02-12,4133,920.41,31.3,31.9,30.75,30.8,0.0,0.0,-37.0
2020-02-13,4133,2070.3,30.85,32.95,30.75,31.8,33.0,0.0,139.0
2020-02-14,4133,2605.62,32.35,33.45,32.0,32.05,-102.0,0.0,14.0
2020-02-17,4133,1766.14,32.7,33.35,32.3,32.8,12.0,0.0,21.0
2020-02-18,4133,847.23,32.6,33.3,31.75,31.75,-44.0,0.0,-10.0
2020-02-19,4133,598.8,31.8,32.35,31.25,31.35,-13.0,0.0,12.0
2020-02-20,4133,531.37,31.65,31.85,31.15,31.8,-7.58,0.0,14.0
2020-02-21,4133,3948.5,32.9,34.95,32.9,34.95,-48.0,0.0,202.0
2020-02-24,4133,738.67,38.4,38.4,38.4,38.4,0.0,0.0,-257.0
2020-02-25,4133,15522.64,42.2,42.2,39.65,39.9,-307.0,0.0,498.0
2020-02-26,4133,4775.81,40.4,40.95,38.85,39.0,-2.0,0.0,1.0
2020-02-27,4133,5607.36,38.9,41.0,38.6,39.3,41.0,0.0,217.0
2020-03-02,4133,6571.74,40.2,42.9,40.1,40.5,-50.0,0.0,151.0
2020-03-03,4133,3220.18,39.6,39.6,38.3,38.75,13.0,0.0,-163.0
2020-03-04,4133,7277.93,40.0,42.6,39.15,42.6,-19.0,0.0,-94.0
2020-03-05,4133,4512.97,42.0,42.05,40.6,41.3,-57.0,0.0,90.0
2020-03-06,4133,7463.81,42.15,42.8,41.4,41.4,8.0,0.0,377.0
2020-03-09,4133,9056.19,42.8,44.8,38.25,39.7,73.0,0.0,-225.0
2020-03-10,4133,3754.3,39.6,39.6,35.8,36.65,-3.0,0.0,-349.0
2020-03-11,4133,2564.91,37.6,38.4,36.7,36.9,-62.0,0.0,44.0
2020-03-12,4133,2885.66,36.7,36.85,33.25,34.0,475.0,0.0,-299.0
2020-03-13,4133,1647.23,30.8,31.4,30.6,30.6,183.0,0.0,-181.0
2020-03-16,4133,3220.68,31.6,33.65,31.6,33.65,-70.0,0.0,122.0
2020-03-17,4133,4076.88,34.0,34.0,31.6,32.35,-312.0,0.0,-128.0
2020-03-18,4133,4068.66,32.9,35.3,32.4,33.1,-190.0,0.0,197.0
2020-03-19,4133,10605.56,33.35,35.9,32.45,33.5,-163.0,0.0,312.0
2020-03-20,4133,5835.6,36.35,36.35,34.35,34.7,-7.0,0.0,112.0
2020-03-23,4133,2066.33,34.7,34.7,32.8,32.95,-10.0,0.0,-120.0
2020-03-24,4133,1642.16,33.5,34.5,32.9,32.95,11.0,0.0,-165.0
2020-03-25,4133,2136.29,33.05,33.7,32.15,32.6,105.0,0.0,42.0
2020-03-26,4133,3280.12,32.85,34.3,32.2,33.45,-4.0,0.0,88.0
2020-03-27,4133,3560.93,33.45,34.6,32.75,33.25,-126.0,0.0,32.0
2020-03-30,4133,5285.57,33.4,35.15,33.4,33.75,-17.0,0.0,20.0
2020-03-31,4133,1450.43,34.1,34.5,33.25,33.3,-18.0,0.0,-19.0
2020-04-01,4133,781.47,33.3,33.8,33.2,33.55,107.0,0.0,-18.0
2020-04-06,4133,3975.25,34.2,35.9,33.7,34.75,66.0,0.0,193.0
2020-04-07,4133,1735.09,34.85,35.2,34.15,34.4,-22.0,0.0,85.0
2020-04-08,4133,3280.32,34.8,36.35,34.65,35.1,-32.0,0.0,105.0
2020-04-09,4133,2611.41,35.3,35.85,34.6,35.15,110.0,0.0,169.0
2020-04-10,4133,1783.26,35.7,36.05,34.55,34.55,-75.0,0.0,46.0
2020-04-13,4133,1305.98,34.85,35.65,34.85,35.05,58.0,0.0,-47.0
2020-04-14,4133,1327.72,35.4,35.65,34.8,34.95,-8.0,0.0,-77.0
2020-04-15,4133,1882.18,35.1,35.2,33.45,33.5,-22.0,0.0,-116.0
2020-04-16,4133,1014.06,33.7,34.25,32.75,33.25,145.0,0.0,-25.0
2020-04-17,4133,5799.78,33.45,36.55,33.2,36.55,109.0,0.0,150.0
2020-04-20,4133,2860.46,40.2,40.2,40.2,40.2,-28.0,0.0,785.0
2020-04-21,4133,7569.49,40.2,40.2,37.6,38.3,-57.0,0.0,-593.0
2020-04-22,4133,12687.32,38.3,41.85,38.3,40.25,-388.0,0.0,486.0
2020-04-23,4133,9205.15,39.9,42.4,39.3,41.4,-21.0,0.0,248.0
2020-04-24,4133,8212.77,41.8,43.2,41.35,41.75,-334.0,0.0,-10.0
2020-04-27,4133,12961.79,42.4,45.9,42.1,45.4,-1.0,0.0,768.0
2020-04-28,4133,6757.09,44.55,45.25,41.75,41.75,-186.0,0.0,-538.0
2020-04-29,4133,3910.07,42.0,42.5,40.2,41.8,317.0,0.0,-181.0
2020-04-30,4133,3255.2,42.2,43.1,41.2,41.9,-355.0,0.0,152.0
2020-05-04,4133,11243.59,42.45,45.35,42.45,43.5,-38.0,0.0,165.0
2020-05-05,4133,7579.03,43.9,47.85,43.9,47.85,-99.0,0.0,1699.0
2020-05-06,4133,16595.53,52.6,52.6,48.0,49.0,1575.0,0.0,-1420.0
2020-05-07,4133,10699.01,51.0,52.5,48.15,51.5,352.0,0.0,348.0
2020-05-08,4133,8124.56,51.7,52.1,46.35,46.35,-774.0,0.0,6.0
2020-05-11,4133,9704.58,44.0,46.45,41.75,42.55,-547.0,0.0,51.0
2020-05-12,4133,9119.56,43.1,46.8,42.9,46.8,259.0,0.0,503.0
2020-05-13,4133,19230.1,47.0,51.4,47.0,51.4,3186.0,37.0,-212.0
2020-05-14,4133,29884.16,54.0,56.5,53.0,56.5,978.0,0.0,800.0
2020-05-15,4133,24316.7,58.2,58.7,53.4,53.7,-2152.0,0.0,-486.0
2020-05-18,4133,14140.97,54.5,59.0,54.4,59.0,-477.0,0.0,1631.0
2020-05-19,4133,34757.56,61.9,64.0,57.1,60.4,66.0,0.0,-919.0
2020-05-20,4133,23493.13,60.5,63.4,57.3,60.5,184.0,0.0,-268.0
2020-05-21,4133,12614.43,60.5,62.2,59.5,61.6,-94.0,0.0,-129.0
2020-05-22,4133,30554.12,62.6,67.7,62.5,67.7,161.0,0.0,1077.0
2020-05-25,4133,28348.18,68.3,74.4,68.0,74.4,170.0,0.0,-291.0
2020-05-26,4133,40275.19,77.9,81.8,74.5,77.5,-514.0,0.0,-459.0
2020-05-27,4133,24106.62,78.0,78.5,69.8,69.8,-4432.0,0.0,630.0
2020-05-28,4133,34733.57,65.8,72.0,64.4,64.4,794.0,0.0,663.0
2020-05-29,4133,29380.7,66.4,70.8,66.2,70.8,260.0,0.0,1426.0
2020-06-01,4133,33177.84,72.8,74.0,67.7,68.3,-1276.0,0.0,-526.0
2020-06-02,4133,29252.27,69.1,69.9,62.6,67.7,917.0,0.0,-151.0
2020-06-03,4133,32752.27,68.6,72.6,66.5,69.2,-695.0,0.0,372.0
2020-06-04,4133,16890.14,68.8,70.4,67.4,68.0,-85.0,0.0,-487.0
2020-06-05,4133,14908.94,67.5,70.3,66.5,68.1,-83.0,0.0,202.0
2020-06-08,4133,18528.65,68.8,70.4,63.8,65.0,35.0,0.0,-619.0
2020-06-09,4133,31988.83,66.1,70.9,64.2,68.2,86.0,0.0,577.0
2020-06-10,4133,35251.35,69.7,72.2,67.7,67.7,-21.0,0.0,-470.0
2020-06-11,4133,26929.74,67.9,70.8,66.5,69.7,508.0,0.0,635.0
2020-06-12,4133,27690.51,71.5,72.5,69.1,70.0,-22.0,0.0,307.0
2020-06-15,4133,35383.73,71.5,74.6,70.7,71.1,-319.0,0.0,262.0
2020-06-16,4133,15298.0,72.5,73.0,69.4,69.4,-61.0,0.0,-549.0
2020-06-17,4133,6107.96,76.3,76.3,76.3,76.3,220.0,0.0,363.0
2020-06-18,4133,982.5,83.9,83.9,83.9,83.9,0.0,0.0,2.0
2020-06-19,4133,55223.45,92.2,92.2,85.0,92.2,1911.0,0.0,927.0
2020-06-22,4133,44609.26,93.5,101.0,92.5,95.9,-1499.0,30.0,-73.0
2020-06-23,4133,28599.42,96.8,99.5,93.0,93.0,468.0,0.0,-498.0
2020-06-24,4133,22004.38,94.8,95.4,85.8,91.0,173.0,0.0,-143.0
2020-06-29,4133,14747.72,96.1,100.0,96.0,100.0,273.0,0.0,1676.0
2020-06-30,4133,8502.92,102.0,102.0,95.0,96.0,44.0,0.0,-954.0
2020-07-01,4133,9484.94,98.0,105.5,95.5,105.5,-72.0,0.0,895.0
2020-07-02,4133,10809.8,106.5,116.0,105.0,111.0,-3.0,0.0,-287.0
2020-07-03,4133,6064.74,113.0,115.0,107.0,111.5,-11.0,0.0,-172.0
2020-07-06,4133,6160.82,114.0,118.0,111.5,117.0,333.0,0.0,90.0
2020-07-07,4133,7190.05,122.5,128.5,117.0,128.5,2.0,0.0,912.0
2020-07-08,4133,12791.2,135.5,141.0,130.0,141.0,-675.0,0.0,-1734.0
2020-07-09,4133,10163.02,143.0,155.0,143.0,153.0,-26.0,0.0,-1025.0
2020-07-10,4133,6680.45,156.0,163.0,139.5,151.0,25.0,0.0,-709.0
2020-07-13,4133,613.18,136.0,136.0,136.0,136.0,60.0,0.0,-232.0
2020-07-14,4133,649.02,122.5,122.5,122.5,122.5,197.0,0.0,-172.0
2020-07-15,4133,4627.73,110.5,124.0,110.5,110.5,288.0,0.0,-861.0
2020-07-16,4133,3244.81,111.0,114.5,99.4,99.4,449.24,0.0,-391.0
2020-07-17,4133,1486.0,101.0,101.0,89.5,89.5,38.0,0.0,-219.0
2020-07-20,4133,3178.41,80.6,85.0,80.6,80.6,-71.0,0.0,-17.0
2020-07-21,4133,2866.3,77.1,81.3,72.6,72.6,448.72,0.0,-213.0
2020-07-22,4133,908.26,75.0,79.8,75.0,79.8,-4.46,0.0,-19.0
2020-07-23,4133,4016.83,87.7,87.7,76.9,81.0,33.0,0.0,-370.0
2020-07-24,4133,958.63,79.6,82.5,77.0,78.3,-60.0,0.0,-61.0
2020-07-27,4133,1066.42,79.4,79.4,70.5,70.5,-6.0,0.0,82.0
2020-07-28,4133,1660.12,63.5,65.1,63.5,63.5,39.0,-30.0,-147.0
2020-07-29,4133,2489.26,61.1,65.2,57.2,58.0,8.0,0.0,-234.0
2020-07-30,4133,764.22,63.0,63.8,63.0,63.8,-55.0,0.0,-24.0
2020-07-31,4133,2951.45,65.8,70.1,65.8,70.1,-149.0,0.0,-272.0
2020-08-03,4133,2897.12,70.1,77.1,69.8,77.1,-240.0,0.0,-260.0
2020-08-04,4133,15589.91,84.8,84.8,79.1,84.8,-77.0,0.0,1599.0
2020-08-05,4133,16986.09,85.7,93.2,85.5,93.2,-254.0,0.0,-86.0
2020-08-06,4133,28784.57,95.6,100.5,86.0,86.0,-502.0,0.0,116.0
2020-08-07,4133,16741.75,87.3,90.9,85.2,87.2,-414.0,0.0,811.0
2020-08-10,4133,3328.04,87.2,87.2,78.5,79.9,14.0,0.0,-367.0
2020-08-11,4133,2301.59,80.0,80.0,72.0,72.0,207.0,0.0,-268.0
2020-08-12,4133,1991.05,72.5,78.0,72.5,78.0,79.0,0.0,-423.0
2020-08-13,4133,915.75,78.0,78.0,72.5,74.5,187.0,0.0,-70.0
2020-08-14,4133,512.92,74.5,77.0,74.5,76.4,16.0,0.0,-53.0
2020-08-17,4133,551.97,78.5,78.5,75.6,78.3,67.0,0.0,-36.0
2020-08-18,4133,794.69,80.1,82.8,80.1,82.7,66.0,0.0,-87.0
2020-08-19,4133,842.58,83.4,85.2,82.8,83.0,14.0,0.0,-154.0
2020-08-20,4133,1551.19,82.0,82.0,74.7,76.4,13.0,0.0,-241.0
2020-08-21,4133,1397.61,78.4,84.0,76.5,84.0,9.0,0.0,-22.0
2020-08-24,4133,16247.63,87.0,92.4,84.8,85.7,-750.0,0.0,1011.0
2020-08-25,4133,5803.46,86.3,87.5,81.0,81.4,-264.0,0.0,292.0
2020-08-26,4133,10681.68,80.7,88.3,79.0,83.5,-57.0,0.0,261.0
2020-08-27,4133,6696.13,83.5,86.2,82.1,83.6,-532.0,0.0,95.0
2020-08-28,4133,11410.01,84.5,88.8,84.0,84.5,-293.0,0.0,135.0
2020-08-31,4133,4293.33,85.6,86.2,82.5,82.5,-92.0,0.0,-242.0
2020-09-01,4133,4046.66,83.4,83.6,79.0,79.2,7.0,0.0,-61.0
2020-09-02,4133,4584.77,79.8,82.4,78.3,79.0,-20.0,0.0,62.0
2020-09-03,4133,6152.56,78.7,79.8,73.6,74.4,-70.0,0.0,-200.0
2020-09-04,4133,10231.05,72.6,79.9,71.6,75.4,114.0,0.0,132.0
2020-09-07,4133,3626.57,75.2,76.8,73.3,73.4,-165.0,0.0,-62.0
2020-09-08,4133,9946.65,76.6,80.2,74.0,78.2,190.0,0.0,229.0
2020-09-09,4133,3675.61,77.6,77.9,75.0,75.0,-336.0,0.0,42.0
2020-09-10,4133,2359.73,75.6,76.5,73.0,73.6,-111.0,0.0,65.0
2020-09-11,4133,3376.82,73.2,74.7,68.1,70.4,101.0,0.0,-235.0
2020-09-14,4133,3251.38,68.2,72.0,68.2,69.5,-51.0,0.0,-33.0
2020-09-15,4133,6872.85,69.5,74.5,69.3,70.7,89.0,0.0,-260.0
2020-09-16,4133,2351.21,70.9,72.0,70.1,70.8,-102.0,0.0,-30.0
2020-09-17,4133,1637.15,70.8,72.4,70.4,70.8,122.0,0.0,16.0
2020-09-18,4133,4032.2,71.5,73.3,70.8,71.6,133.0,0.0,47.0
2020-09-21,4133,19969.99,72.6,78.7,72.2,78.7,419.0,0.0,1073.0
2020-09-22,4133,27120.62,79.1,81.8,76.4,77.1,-615.0,0.0,-288.0
2020-09-23,4133,6934.42,77.9,79.4,75.0,75.7,-16.0,0.0,23.0
2020-09-24,4133,26312.7,75.4,83.2,75.3,83.2,639.0,0.0,1801.0
2020-09-25,4133,28058.86,84.0,84.8,74.9,75.5,-685.0,0.0,-1162.0
2020-09-28,4133,20273.6,76.0,80.7,75.4,77.1,-42.0,0.0,109.0
2020-09-29,4133,8574.83,76.5,78.7,73.3,76.2,27.0,0.0,-190.0
2020-09-30,4133,4014.2,75.5,76.1,74.2,75.7,-1.0,0.0,31.0
2020-10-05,4133,13057.392,78.3,81.5,76.5,76.8,36.0,0.0,213.0
2020-10-06,4133,3189.3,77.0,78.4,76.8,77.0,-1.0,0.0,-49.0
2020-10-07,4133,5960.178000000001,77.3,79.9,77.0,77.8,-312.0,0.0,191.0
2020-10-08,4133,2996.88,77.7,78.5,75.5,75.9,14.0,0.0,-50.0
2020-10-12,4133,2667.0640000000008,76.5,76.9,73.5,73.5,-53.0,0.0,-95.0
2020-10-13,4133,3526.337,73.5,73.5,70.6,71.0,154.0,0.0,-178.0
2020-10-14,4133,3381.0040000000013,72.5,73.5,71.0,71.4,-109.0,0.0,-295.0
2020-10-15,4133,2483.419,71.4,71.7,69.5,69.6,77.0,-37.0,-126.0
2020-10-16,4133,3709.49,69.9,72.2,69.0,69.7,64.0,0.0,-41.0
2020-10-19,4133,2348.63,72.3,72.5,70.4,70.9,-47.0,0.0,58.0
2020-10-20,4133,3180.02,71.0,72.5,70.9,71.0,20.0,0.0,4.0
2020-10-21,4133,1478.206,71.3,71.4,69.6,70.0,-42.0,0.0,-65.0
2020-10-22,4133,1315.295,70.5,70.6,68.3,69.0,-59.0,0.0,-23.0
2020-10-23,4133,1891.061,69.1,71.0,68.8,69.4,-16.0,0.0,29.0
2020-10-26,4133,3140.746,69.5,69.6,65.8,66.3,-4.0,0.0,-232.0
2020-10-27,4133,2827.188,65.5,68.0,65.0,67.5,83.0,0.0,17.0
2020-10-28,4133,2003.407,67.1,68.5,65.4,65.6,-58.0,0.0,22.0
2020-10-29,4133,4049.33,65.0,68.5,65.0,67.0,215.0,0.0,69.0
2020-10-30,4133,1540.243,67.1,67.3,64.8,65.2,-127.0,0.0,-52.0
2020-11-02,4133,3153.8390000000004,65.4,67.6,64.3,65.6,143.0,0.0,64.0
2020-11-03,4133,1333.469,65.7,66.4,64.6,64.8,-255.0,0.0,95.0
2020-11-04,4133,2196.76,64.8,65.4,62.2,63.0,54.0,0.0,-33.0
2020-11-05,4133,2698.738,63.6,65.5,63.2,63.7,371.0,0.0,-83.0
2020-11-06,4133,1111.069,64.3,64.8,63.6,64.4,170.0,0.0,-135.0
2020-11-09,4133,1534.465,66.2,66.2,64.8,65.4,100.0,0.0,4.0
2020-11-10,4133,2686.6620000000007,65.5,66.8,62.6,63.7,-143.0,0.0,98.0
2020-11-11,4133,2065.221,63.7,64.5,61.0,61.2,-29.0,0.0,-81.0
2020-11-12,4133,3621.253,61.2,61.8,57.8,58.7,396.0,0.0,-185.0
2020-11-13,4133,4066.674,58.8,61.7,57.6,61.4,824.0,0.0,-192.0
2020-11-16,4133,2513.022,61.8,63.5,61.1,62.2,-340.0,0.0,99.0
2020-11-17,4133,2616.4970000000008,61.7,62.5,59.8,61.5,723.0,0.0,-170.0
2020-11-18,4133,2084.416,61.9,63.1,61.6,62.2,88.0,0.0,-28.0
2020-11-19,4133,3622.767,62.6,64.9,62.2,64.4,-68.0,0.0,106.0
2020-11-20,4133,1813.358,64.3,64.8,62.8,62.9,-476.0,0.0,34.0
2020-11-23,4133,1263.158,63.4,63.4,61.6,61.7,33.0,0.0,-70.0
2020-11-24,4133,941.39,62.2,62.3,60.7,60.7,81.0,0.0,4.0
2020-11-25,4133,1775.4160000000006,61.3,62.7,61.3,61.7,222.0,0.0,-95.0
2020-11-26,4133,1210.311,61.9,62.3,60.4,60.7,7.0,0.0,-62.0
2020-11-27,4133,1833.011,60.8,62.7,60.8,62.1,938.0,0.0,-74.0
2020-11-30,4133,2323.234,62.6,64.2,62.4,63.7,392.0,0.0,45.0
2020-12-01,4133,1747.698,64.0,64.5,62.3,62.4,-454.0,0.0,191.0
2020-12-02,4133,954.054,62.0,62.5,61.2,61.2,-221.0,0.0,-26.0
2020-12-03,4133,1337.439,61.5,62.1,60.2,60.3,-390.0,0.0,45.0
2020-12-04,4133,2165.004,60.3,60.3,58.2,58.2,-80.0,0.0,-308.0
2020-12-07,4133,2607.041,58.2,58.7,55.0,55.3,122.0,0.0,-28.0
2020-12-08,4133,8087.673000000002,55.9,60.8,55.9,59.4,793.0,0.0,267.0
2020-12-09,4133,3275.321,60.3,61.7,58.9,60.0,-488.0,0.0,35.0
2020-12-10,4133,1396.8970000000006,58.8,60.4,58.2,58.4,-220.0,0.0,241.0
2020-12-11,4133,1980.841,57.2,58.1,55.9,57.3,-66.0,0.0,43.0
2020-12-14,4133,855.645,57.0,58.8,57.0,57.5,-55.0,0.0,-26.0
2020-12-15,4133,1126.96,57.7,57.8,55.2,55.2,-152.0,0.0,64.0
2020-12-16,4133,1697.592,55.6,58.4,55.1,57.0,386.0,0.0,-90.0
2020-12-17,4133,971.509,56.9,57.4,55.7,55.7,-139.26,0.0,15.0
2020-12-18,4133,648.308,56.2,56.4,55.4,55.4,58.0,0.0,9.0
2020-12-21,4133,760.6110000000001,56.0,56.6,55.1,55.1,-51.0,0.0,51.0
2020-12-22,4133,5700.454000000002,55.7,60.6,55.3,60.6,98.0,0.0,93.0
2020-12-23,4133,12275.655,61.5,64.1,59.0,59.5,-354.0,0.0,150.0
2020-12-24,4133,2291.965,58.8,60.0,57.7,58.3,-53.0,0.0,-262.0
2020-12-25,4133,886.112,58.5,58.6,57.5,57.7,-83.0,0.0,31.0
2020-12-28,4133,1220.149,58.8,59.3,57.8,57.8,34.0,0.0,-53.0
2020-12-29,4133,1269.802,58.7,58.7,56.6,57.6,36.0,0.0,11.0
2020-12-30,4133,1389.476,58.0,59.8,57.7,57.7,17.0,0.0,42.0
2020-12-31,4133,1644.919,58.3,59.6,57.8,58.2,223.0,0.0,-20.0
2021-01-04,4133,1428.995,58.2,58.3,56.0,56.2,-191.0,0.0,-95.0
2021-01-05,4133,1286.165,57.3,58.3,56.6,56.7,73.0,0.0,-45.0
2021-01-06,4133,1532.317,57.2,57.2,54.1,54.2,-86.0,0.0,-47.0
2021-01-07,4133,1136.667,55.0,55.1,53.2,53.3,8.0,0.0,-44.0
2021-01-08,4133,2220.569,53.8,53.8,50.5,50.8,9.0,0.0,-282.0
2021-01-11,4133,1518.1029999999994,50.9,51.5,49.4,51.0,463.0,0.0,-85.0
2021-01-12,4133,6215.408,51.0,56.1,51.0,56.1,-86.0,0.0,652.0
2021-01-13,4133,4482.282999999999,55.8,55.8,52.1,52.2,-411.0,0.0,-295.0
2021-01-14,4133,1403.955,51.7,53.1,51.2,51.2,10.0,0.0,-119.0
2021-01-15,4133,1367.6370000000004,52.0,52.5,51.0,51.2,-11.0,0.0,-112.0
2021-01-18,4133,4022.366,54.0,55.6,52.6,52.8,16.0,0.0,-16.0
2021-01-19,4133,2424.756,53.0,54.5,51.8,52.7,85.0,0.0,35.0
2021-01-20,4133,7948.394,54.1,57.3,53.5,55.3,331.0,0.0,203.0
2021-01-21,4133,3652.733,55.3,56.4,53.5,53.9,-363.0,0.0,49.0
2021-01-22,4133,1630.927,54.3,55.3,52.7,53.0,-36.0,0.0,-23.0
2021-01-25,4133,4351.662,55.5,57.4,55.1,56.0,123.0,0.0,-27.0
2021-01-26,4133,3305.735,56.5,57.9,55.1,55.4,149.0,0.0,71.0
2021-01-27,4133,1269.964,55.4,55.6,53.9,54.1,-84.0,0.0,-132.0
2021-01-28,4133,1786.1270000000006,54.1,55.5,52.7,52.8,-29.0,0.0,-16.0
2021-01-29,4133,1404.542,54.0,54.0,51.8,52.0,0.0,0.0,-53.0
2021-02-01,4133,2819.205,53.4,55.2,52.4,52.8,-11.0,0.0,-43.0
2021-02-02,4133,1106.786,52.6,52.8,51.8,52.4,-20.0,0.0,-126.0
2021-02-03,4133,1048.574,52.4,52.9,51.8,51.9,-1.0,0.0,-37.0
2021-02-04,4133,2997.269,52.4,54.4,52.2,52.6,-25.0,0.0,-49.0
2021-02-05,4133,1822.641,52.9,53.5,52.0,52.6,25.0,0.0,9.0
2021-02-17,4133,1690.293,52.6,52.6,49.7,49.8,-103.0,0.0,-24.0
2021-02-18,4133,2250.26,50.0,53.4,50.0,52.1,101.0,0.0,37.0
2021-02-19,4133,4745.002,52.1,56.0,52.1,53.8,62.0,0.0,21.0
2021-02-22,4133,4426.002,55.5,59.1,55.1,59.1,467.0,0.0,354.0
2021-02-23,4133,15116.543,65.0,65.0,54.2,54.4,-626.0,0.0,-322.0
2021-02-24,4133,5690.693,55.0,58.3,53.3,56.4,-46.0,0.0,159.0
2021-02-25,4133,5587.509,56.8,58.5,55.1,56.1,-343.0,0.0,443.0
2021-02-26,4133,2036.197,55.6,57.2,54.8,55.4,-40.0,0.0,84.0
2021-03-02,4133,1305.424,55.4,55.9,53.5,53.7,-111.0,0.0,23.0
2021-03-03,4133,929.417,54.4,55.4,53.8,54.0,-57.0,0.0,92.0
2021-03-04,4133,825.742,54.5,54.9,53.3,53.3,-9.0,0.0,-9.0
2021-03-05,4133,2516.044,53.6,55.8,53.4,54.5,32.0,0.0,10.0
2021-03-08,4133,897.738,54.8,54.9,53.4,53.4,-96.0,0.0,19.0
2021-03-09,4133,643.415,53.8,54.2,53.1,53.2,23.0,0.0,-19.0
2021-03-10,4133,762.244,53.8,54.6,53.1,53.2,28.0,0.0,9.0
2021-03-11,4133,989.577,53.6,53.9,52.5,52.5,68.0,0.0,-78.0
2021-03-12,4133,747.218,53.0,53.2,52.1,52.5,-161.0,0.0,116.0
2021-03-15,4133,630.218,52.8,53.9,52.7,53.0,71.0,0.0,-27.0
2021-03-16,4133,551.604,53.9,54.1,53.1,53.2,-21.0,0.0,-23.0
2021-03-17,4133,561.767,53.4,53.5,52.5,52.5,26.0,0.0,-21.0
2021-03-18,4133,996.504,52.7,53.8,52.4,52.5,83.0,0.0,-11.0
2021-03-19,4133,739.499,52.6,53.1,51.8,51.8,0.0,0.0,45.0
2021-03-22,4133,711.326,52.0,52.2,50.9,51.1,-12.0,0.0,41.0
2021-03-23,4133,2644.087,51.4,54.1,51.1,53.7,-15.0,0.0,102.0
2021-03-24,4133,5790.859,53.1,57.3,53.0,54.6,-89.0,0.0,71.0
2021-03-25,4133,2110.443,55.2,55.6,53.2,54.1,-92.0,0.0,-55.0
2021-03-26,4133,742.945,54.5,54.7,53.5,53.5,-33.0,0.0,55.0
2021-03-29,4133,1388.851,54.2,55.5,53.8,53.9,52.0,0.0,-80.0
2021-03-30,4133,699.844,54.2,54.5,53.5,53.5,-64.0,0.0,52.0
2021-03-31,4133,627.005,54.1,54.2,52.9,53.0,-17.0,0.0,-42.0
2021-04-01,4133,671.517,53.4,53.6,52.7,53.0,48.0,0.0,-22.0
2021-04-06,4133,501.248,53.6,53.6,52.3,52.5,-73.0,0.0,38.0
2021-04-07,4133,669.379,52.9,53.6,52.7,53.3,262.0,0.0,11.0
2021-04-08,4133,1278.157,53.6,54.5,53.5,54.1,573.0,0.0,-104.0
2021-04-09,4133,1647.447,54.3,54.3,54.3,54.3,418.0,0.0,-159.0
2021-04-12,4133,2911.609,55.6,56.4,54.7,55.8,822.0,0.0,-292.0
2021-04-13,4133,1803.201,56.8,56.8,53.3,53.3,-368.05,0.0,40.0
2021-04-14,4133,1299.128,53.6,54.1,51.4,52.0,-363.0,0.0,61.0
2021-04-15,4133,584.668,52.1,52.6,51.6,51.8,-127.0,0.0,35.0
2021-04-16,4133,471.089,52.1,52.5,51.8,51.9,0.0,0.0,3.0
2021-04-19,4133,647.794,52.1,52.4,51.4,51.5,-25.0,0.0,-43.0
2021-04-20,4133,389.257,51.7,52.2,51.3,51.6,36.0,0.0,-21.0
2021-04-21,4133,807.719,52.1,52.9,51.7,52.1,-134.0,0.0,21.0
2021-04-22,4133,1146.112,52.4,52.8,49.9,49.9,-245.0,0.0,-10.0
2021-04-23,4133,844.542,50.7,50.7,49.9,50.1,-72.0,0.0,0.0
2021-04-26,4133,678.18,51.2,51.9,50.4,50.7,82.05,0.0,-3.0
2021-04-27,4133,2593.689,51.4,53.5,50.9,51.7,-56.0,0.0,85.0
2021-04-28,4133,707.409,52.1,52.6,50.7,50.8,-137.0,0.0,16.0
2021-04-29,4133,1035.44,51.4,52.2,50.9,52.0,425.0,0.0,-64.0
2021-05-03,4133,3283.179,54.5,55.3,52.6,52.6,-89.0,0.0,-44.0
2021-05-04,4133,1778.58,53.6,53.6,47.5,49.45,-7.0,0.0,-156.0
2021-05-05,4133,633.265,49.5,50.0,48.6,49.1,27.1,0.0,-38.0
2021-05-06,4133,942.091,49.65,49.7,47.15,47.4,-163.0,0.0,10.0
2021-05-07,4133,433.443,47.8,48.35,47.7,48.35,17.0,0.0,-7.0
2021-05-10,4133,452.472,48.7,49.0,47.5,47.55,-6.9,0.0,-30.0
2021-05-11,4133,2504.512,48.0,50.9,46.5,50.3,36.0,0.0,25.0
2021-05-12,4133,11019.494,53.4,55.3,53.2,55.3,44.0,0.0,318.0
2021-05-13,4133,10564.231,60.8,60.8,58.0,60.8,135.0,0.0,-98.0
2021-05-14,4133,24151.872,60.7,65.9,55.1,61.5,-348.97,0.0,313.0
2021-05-17,4133,1460.165,67.6,67.6,67.6,67.6,-73.74,0.0,-88.0
2021-05-18,4133,29997.104,74.3,74.3,66.3,72.9,555.07,0.0,-252.0
2021-05-19,4133,28236.506,71.1,77.5,69.0,72.9,164.0,0.0,342.0
2021-05-20,4133,20162.248,74.1,77.9,72.7,73.2,-735.0,0.0,-183.0
2021-05-21,4133,16866.963,74.1,75.5,69.6,71.7,258.0,0.0,63.0
2021-05-24,4133,17729.895,77.0,78.5,73.1,75.5,-313.95,0.0,611.0
2021-05-25,4133,10455.523,75.5,75.5,70.0,70.1,91.0,0.0,-329.0
2021-05-26,4133,11819.568,71.0,74.2,68.5,70.1,-6.0,0.0,51.0
2021-05-27,4133,8502.7,70.4,73.0,69.4,72.0,412.0,0.0,74.0
2021-05-28,4133,5725.838,72.1,72.5,70.0,71.3,-565.0,0.0,-120.0
2021-05-31,4133,10487.463,71.5,71.7,64.2,64.2,-121.0,0.0,-241.0
2021-06-01,4133,7217.228,62.9,63.6,58.3,62.8,1220.0,0.0,-161.0
2021-06-02,4133,4561.677,63.5,63.9,60.1,60.6,-820.98,0.0,306.0
2021-06-03,4133,9159.925,62.0,66.6,61.6,66.6,133.0,0.0,669.0
2021-06-04,4133,15477.517,67.8,71.9,67.6,68.0,-820.0,0.0,-293.0
2021-06-07,4133,15842.993,69.7,74.8,69.5,74.8,711.0,0.0,1012.0
2021-06-08,4133,35080.196,75.9,78.0,71.6,72.4,-371.82,0.0,-1256.0
2021-06-09,4133,22351.068,73.0,78.9,70.6,75.1,75.8,0.0,459.0
2021-06-10,4133,36416.822,75.7,80.4,74.2,76.6,-162.0,0.0,-261.0
2021-06-11,4133,18851.971,77.4,79.9,74.1,74.6,-221.0,0.0,23.0
2021-06-15,4133,12757.481,72.7,73.1,68.1,68.3,397.0,0.0,-580.0
2021-06-16,4133,4968.191,67.6,69.5,66.0,66.2,-144.0,0.0,80.0
2021-06-17,4133,5493.758,66.9,69.5,66.2,69.0,-4.0,0.0,-267.0
2021-06-18,4133,10584.15,70.6,73.8,70.4,72.8,-259.0,0.0,163.0
2021-06-21,4133,5575.669,72.6,74.1,68.7,68.7,-95.0,0.0,-106.0
2021-06-22,4133,3843.491,69.1,70.0,67.1,67.6,218.0,0.0,-87.0
2021-06-23,4133,2589.532,68.7,69.6,67.7,67.7,-5.0,0.0,-131.0
2021-06-24,4133,1906.063,68.3,69.9,67.5,69.9,198.0,0.0,-5.0
2021-06-25,4133,2984.319,69.9,70.9,68.0,68.0,-173.0,0.0,45.0
2021-06-28,4133,1913.305,68.7,69.1,66.8,66.9,-31.0,0.0,-49.0
2021-06-29,4133,3215.316,66.9,67.1,63.6,63.7,226.0,0.0,-281.0
2021-06-30,4133,1740.383,64.0,64.8,63.5,64.1,176.0,0.0,-49.0
2021-07-01,4133,1615.032,64.3,64.9,62.4,62.6,-60.0,0.0,-11.0
2021-07-02,4133,1221.227,63.2,63.7,61.6,61.8,82.0,0.0,-32.0
2021-07-05,4133,1756.193,63.2,62.7,60.5,61.9,523.0,0.0,-40.0
2021-07-06,4133,1646.027,62.0,62.3,59.7,59.8,-323.0,0.0,185.0
2021-07-07,4133,1628.201,60.5,61.0,58.6,58.6,252.0,0.0,-47.0
2021-07-08,4133,1759.019,58.9,59.3,57.6,58.4,520.0,0.0,-98.0
2021-07-09,4133,1812.758,58.8,60.8,58.5,58.6,-257.0,0.0,42.0
2021-07-12,4133,1240.86,58.9,59.0,56.5,56.6,163.0,0.0,-21.0
2021-07-13,4133,2394.56,56.6,56.8,53.5,53.6,722.0,0.0,-120.0
2021-07-14,4133,2060.111,54.1,55.9,53.0,54.8,299.0,0.0,-75.0
2021-07-15,4133,1300.669,54.9,56.2,54.5,56.1,51.0,0.0,2.0
2021-07-16,4133,766.52,56.1,56.5,55.4,55.7,-33.0,0.0,-10.0
2021-07-19,4133,684.322,56.1,56.5,55.4,56.3,279.0,0.0,-54.0
2021-07-20,4133,2604.728,60.0,61.9,58.5,61.9,-142.0,0.0,-175.0
2021-07-21,4133,5954.681,65.0,65.0,55.8,55.8,-989.0,0.0,217.0
2021-07-22,4133,911.737,55.2,55.7,53.8,53.8,-180.0,0.0,-38.0
2021-07-23,4133,500.894,53.8,55.0,53.8,54.7,128.0,0.0,34.0
2021-07-26,4133,366.884,55.0,55.1,54.2,54.2,4.0,0.0,-13.0
2021-07-27,4133,634.255,54.6,54.6,52.1,52.1,-96.0,0.0,29.0
2021-07-28,4133,1209.009,52.4,53.8,50.0,50.2,158.0,0.0,-42.0
2021-07-29,4133,1092.427,51.5,53.4,50.9,53.0,573.0,0.0,-112.0
2021-07-30,4133,696.754,53.4,53.7,50.9,51.3,-155.0,0.0,9.0
2021-08-02,4133,610.969,51.7,53.5,51.0,52.5,236.0,0.0,-25.0
2021-08-03,4133,1048.082,52.5,54.9,52.3,53.2,11.05,0.0,16.0
2021-08-04,4133,507.399,53.3,54.2,52.5,52.7,-164.0,0.0,57.0
2021-08-05,4133,300.584,52.7,53.6,52.2,52.3,-16.0,0.0,15.0
2021-08-06,4133,455.661,52.3,53.5,51.8,52.0,-65.0,0.0,-6.0
2021-08-09,4133,652.68,51.2,51.8,50.2,50.6,-122.0,0.0,13.0
2021-08-10,4133,541.744,50.7,51.8,50.6,50.7,63.0,0.0,-17.0
2021-08-11,4133,745.528,50.9,51.5,49.0,49.25,-199.06,0.0,21.0
2021-08-12,4133,457.441,49.5,50.8,49.4,50.4,157.0,0.0,-29.0
2021-08-13,4133,626.544,50.4,51.6,49.2,49.9,16.0,0.0,7.0
2021-08-16,4133,806.865,50.0,51.5,48.5,48.5,-225.0,0.0,4.0
2021-08-17,4133,765.286,49.0,49.5,46.6,47.0,137.0,0.0,-79.0
2021-08-18,4133,1487.114,47.0,48.65,44.55,47.9,409.0,0.0,-172.0
2021-08-19,4133,756.281,47.55,48.95,47.5,47.55,220.0,0.0,-65.0
2021-08-20,4133,754.531,47.55,49.5,47.1,47.25,-141.0,0.0,15.0
2021-08-23,4133,480.49,47.5,48.3,47.5,48.2,85.0,0.0,-18.0
2021-08-24,4133,425.214,48.5,48.55,47.0,47.05,-72.0,0.0,40.0
2021-08-25,4133,423.775,46.8,48.4,46.8,48.15,215.0,0.0,-28.0
2021-08-26,4133,848.035,48.15,49.75,47.65,48.1,-44.0,0.0,-16.0
2021-08-27,4133,413.182,47.85,48.9,47.85,48.1,-56.0,0.0,-38.0
2021-08-30,4133,197.366,49.0,49.0,48.1,48.1,-2.0,0.0,26.0
2021-08-31,4133,230.704,48.1,48.5,47.9,48.05,21.0,0.0,-15.0
2021-09-01,4133,254.04,48.05,48.25,47.6,47.65,-18.0,0.0,4.0
2021-09-02,4133,472.572,47.65,48.0,46.15,46.25,-193.0,0.0,47.0
2021-09-03,4133,260.318,46.35,46.8,46.2,46.25,20.0,0.0,9.0
2021-09-06,4133,816.221,46.8,48.0,46.7,46.75,-45.0,0.0,55.0
2021-09-07,4133,4719.527,47.4,51.4,47.3,51.4,-58.0,0.0,94.0
2021-09-08,4133,21507.209,51.6,56.5,51.6,56.5,-814.98,0.0,442.0
2021-09-09,4133,9189.167,55.0,55.7,50.9,51.0,-471.0,0.0,-451.0
2021-09-10,4133,4205.573,50.6,51.3,48.7,49.4,-204.0,0.0,31.0
2021-09-13,4133,1641.505,49.05,49.35,47.85,48.05,-95.0,0.0,75.0
2021-09-14,4133,1065.101,48.3,49.0,47.7,47.8,-40.0,0.0,31.0
2021-09-15,4133,825.481,48.0,48.1,46.8,46.95,-61.02,0.0,-33.0
2021-09-16,4133,665.571,46.85,47.3,46.1,46.15,19.0,0.0,14.0
2021-09-17,4133,679.841,46.25,46.4,45.5,46.1,-21.0,0.0,-47.0
2021-09-22,4133,624.865,44.85,45.4,44.6,44.85,-22.0,0.0,-80.0
2021-09-23,4133,459.346,45.1,45.9,44.8,45.3,4.0,0.0,-7.0
2021-09-24,4133,461.496,45.2,45.5,44.85,45.05,-35.0,0.0,-31.0
2021-09-27,4133,334.139,45.05,45.05,44.65,44.65,-13.0,0.0,-21.0
2021-09-28,4133,447.949,44.65,45.8,44.6,44.7,-4.0,0.0,2.0
2021-09-29,4133,660.613,44.5,44.5,42.8,43.2,-50.0,0.0,-94.0
2021-09-30,4133,488.969,43.2,43.5,42.7,43.1,-5.0,0.0,-15.0
2021-10-01,4133,1097.307,43.1,43.1,40.35,40.7,64.0,0.0,-81.0
2021-10-04,4133,1506.952,41.0,41.05,38.7,38.7,618.0,0.0,-299.0
2021-10-05,4133,1286.333,38.0,40.0,37.0,39.7,663.0,0.0,-84.0
2021-10-06,4133,557.364,39.7,39.8,38.5,38.5,-164.0,0.0,34.0
2021-10-07,4133,376.376,38.6,39.45,38.6,39.45,156.0,0.0,-38.0
2021-10-08,4133,279.227,39.45,39.45,38.5,38.6,-19.0,0.0,20.0
2021-10-12,4133,519.798,38.2,38.2,37.25,37.3,3.0,0.0,-60.0
2021-10-13,4133,857.353,36.2,37.0,35.3,35.85,194.0,0.0,-76.0
2021-10-14,4133,1050.675,35.6,37.75,35.6,37.7,603.0,0.0,-163.0
2021-10-15,4133,492.015,38.0,38.0,36.8,37.2,-120.0,0.0,-17.0
2021-10-18,4133,602.393,37.2,37.55,35.7,36.4,-192.0,0.0,19.0
2021-10-19,4133,625.095,36.05,37.75,36.05,37.65,406.0,0.0,-123.0
2021-10-20,4133,270.468,37.5,37.8,37.15,37.8,76.0,0.0,-21.0
2021-10-21,4133,391.291,37.8,38.2,37.1,37.55,-166.0,0.0,57.0
2021-10-22,4133,361.527,37.3,37.45,36.3,36.9,-70.0,0.0,16.0
2021-10-25,4133,293.186,37.0,37.2,36.2,37.15,37.0,0.0,-1.0
2021-10-26,4133,162.371,37.15,37.45,36.65,36.9,28.0,0.0,-7.0
2021-10-27,4133,347.292,36.9,37.9,36.7,37.4,45.0,0.0,12.0
2021-10-28,4133,459.744,37.15,38.3,37.0,37.8,-58.0,0.0,25.0
2021-10-29,4133,830.014,37.75,37.75,36.6,36.7,-448.0,0.0,44.0
2021-11-01,4133,235.533,36.7,37.3,36.7,36.9,92.0,0.0,-36.0
2021-11-02,4133,532.528,37.0,37.85,37.0,37.3,117.0,0.0,-63.0
2021-11-03,4133,224.953,37.45,37.7,37.2,37.5,-9.18,0.0,8.0
2021-11-04,4133,330.659,37.7,38.25,37.5,37.5,-18.0,0.0,1.0
2021-11-05,4133,347.783,37.55,37.55,36.8,37.05,-161.0,0.0,-15.0
2021-11-08,4133,349.058,37.2,37.2,36.5,36.55,-132.0,0.0,-7.0
2021-11-09,4133,243.667,37.0,37.0,36.2,36.45,-89.0,0.0,5.0
2021-11-10,4133,189.339,36.8,36.8,36.3,36.45,-35.0,0.0,17.0
2021-11-11,4133,611.611,36.35,36.4,35.4,35.5,-165.0,0.0,-131.0
2021-11-12,4133,237.648,35.5,36.0,35.4,35.7,21.0,0.0,-2.0
2021-11-15,4133,232.427,35.7,36.0,35.4,36.0,80.0,0.0,-1.0
2021-11-16,4133,812.276,36.5,37.65,36.15,37.3,70.19,0.0,-41.0
2021-11-17,4133,437.346,38.0,38.0,36.75,36.75,-83.0,0.0,8.0
2021-11-18,4133,615.885,36.9,37.85,36.5,37.65,181.0,0.0,-29.0
2021-11-19,4133,365.059,38.15,38.15,37.0,37.1,-145.0,0.0,13.0
2021-11-22,4133,318.075,37.5,37.8,37.1,37.65,140.0,0.0,-50.0
2021-11-23,4133,589.943,37.65,38.6,36.85,36.95,-175.0,0.0,16.0
2021-11-24,4133,366.551,37.0,37.8,37.0,37.55,244.0,0.0,-35.0
2021-11-25,4133,245.542,37.6,37.75,37.1,37.15,-6.0,0.0,-10.0
2021-11-26,4133,4087.088,37.5,40.85,37.2,40.85,20.0,0.0,330.0
2021-11-29,4133,2345.831,44.9,44.9,44.7,44.9,-74.0,0.0,202.0
2021-11-30,4133,4304.249,40.6,42.5,40.45,40.45,-595.0,0.0,-173.0
2021-12-01,4133,3701.404,42.0,43.45,40.8,41.5,-344.0,0.0,134.0
2021-12-02,4133,3632.792,42.5,43.6,41.65,42.0,-33.0,0.0,21.0
